Site;ASV;Node_Category;Eigen_Centrality;Degree_Centrality;Betweenness_Centrality;Membership
Chanaral;ASV0001;Core;0,001412631;23;2182,273513;1
Chanaral;ASV0003;Core;0,000905013;23;1301,906486;1
Chanaral;ASV0006;Core;0,000905013;23;1301,906486;1
Chanaral;ASV0008;Core;0,000902005;21;763,6546221;1
Chanaral;ASV0013;Core;0,002096557;33;23557,74716;1
Chanaral;ASV0016;Core;0,000868404;32;4576,137012;1
Chanaral;ASV0017;Core;0,000664602;31;3670,008763;1
Chanaral;ASV0021;Core;0,000132132;15;9,023184876;1
Chanaral;ASV0023;Core;0,000913674;48;22436,3894;1
Chanaral;ASV0025;Core;0;2;0;35
Chanaral;ASV0029;Core;0,00018227;18;26,93309509;1
Chanaral;ASV0030;Core;0,014222435;25;13050,10973;1
Chanaral;ASV0032;Core;5,62E-07;2;0;26
Chanaral;ASV0034;Core;8,84E-05;12;6,038517432;1
Chanaral;ASV0035;Core;0,001412573;48;35759,82237;1
Chanaral;ASV0036;Core;0,000709703;23;1240,895873;1
Chanaral;ASV0037;Core;0;2;0;35
Chanaral;ASV0038;Core;0,000913786;48;17705,16691;1
Chanaral;ASV0039;Core;0;2;0;35
Chanaral;ASV0040;Core;2,01E-05;3;949,5;26
Chanaral;ASV0042;Core;0;3;0;23
Chanaral;ASV0043;Core;2,01E-05;3;949,5;26
Chanaral;ASV0045;Core;0,013342668;11;8,310496898;1
Chanaral;ASV0048;Core;5,01E-05;24;40,79157089;1
Chanaral;ASV0050;Core;0,00045087;19;523,437799;1
Chanaral;ASV0053;Core;0,00045087;19;523,437799;1
Chanaral;ASV0056;Core;4,29E-05;25;12069,39406;1
Chanaral;ASV0063;Core;1,59E-05;4;0;1
Chanaral;ASV0064;Core;4,10E-05;21;26,59438327;1
Chanaral;ASV0071;Core;0;1;0;58
Chanaral;ASV0072;Core;8,34E-05;43;5781,523889;1
Chanaral;ASV0073;Core;6,89E-05;31;567,2098221;1
Chanaral;ASV0077;Core;0,000107089;3;0;22
Chanaral;ASV0081;Core;0;1;0;58
Chanaral;ASV0083;Core;6,18E-05;36;3442,276011;1
Chanaral;ASV0085;Core;5,18E-05;27;388,1126319;1
Chanaral;ASV0086;Core;0;1;0;48
Chanaral;ASV0097;Core;0,000113105;11;189,1783065;1
Chanaral;ASV0101;Core;6,40E-05;17;15881,72756;1
Chanaral;ASV0102;Core;5,95E-05;28;530,2122739;1
Chanaral;ASV0104;Core;0,000164637;36;5705,207021;1
Chanaral;ASV0107;Core;0,000721009;10;1220,316411;1
Chanaral;ASV0118;Core;6,30E-05;29;733,5091816;1
Chanaral;ASV0120;Core;0,000107089;3;0;22
Chanaral;ASV0127;Core;0,000107089;3;0;22
Chanaral;ASV0134;Core;4,50E-05;31;1438,891235;1
Chanaral;ASV0135;Core;0;1;0;42
Chanaral;ASV0142;Core;0,000162062;38;4887,519601;1
Chanaral;ASV0143;Core;5,55E-06;5;6669,091264;1
Chanaral;ASV0145;Core;5,88E-05;31;4543,314314;1
Chanaral;ASV0147;Core;0,000141342;36;4308,220865;1
Chanaral;ASV0206;Core;0,008681308;9;4666,266851;2
Chanaral;ASV0210;Core;0,000100333;35;4905,170863;1
Chanaral;ASV0223;Core;5,09E-05;27;2614,052849;1
Chanaral;ASV0238;Core;4,34E-06;4;261,2055667;1
Chanaral;ASV0261;Core;0,000160842;49;53649,42631;1
Chanaral;ASV0270;Core;6,34E-06;5;2,033984501;1
Chanaral;ASV0273;Core;8,04E-05;20;575,0997222;1
Chanaral;ASV0277;Core;0,000121631;43;4179,147916;1
Chanaral;ASV0279;Core;0,000754642;30;12664,03275;1
Chanaral;ASV0315;Core;0,017884074;25;7138,425307;1
Chanaral;ASV0382;Core;0,013629731;16;3428,304058;2
Chanaral;ASV0395;Core;0,020161472;16;1971,582539;2
Chanaral;ASV0403;Core;7,51E-05;41;4861,268584;1
Chanaral;ASV0442;Core;0;2;1;41
Chanaral;ASV0452;Core;0,113938365;17;1957,783445;2
Chanaral;ASV0462;Core;0,003247367;3;2170,686972;2
Chanaral;ASV0510;Core;6,18E-05;6;1,863623014;1
Chanaral;ASV0561;Core;6,84E-05;29;1470,386433;1
Chanaral;ASV0631;Core;8,66E-05;41;4604,537923;1
Chanaral;ASV0688;Core;0;1;0;44
Chanaral;ASV0711;Core;8,16E-05;37;1859,052973;1
Chanaral;ASV0775;Core;7,28E-09;3;0;21
Chanaral;ASV0799;Core;0,000435062;5;0;5
Chanaral;ASV0834;Core;4,42E-06;2;0;8
Chanaral;ASV0838;Core;4,22E-06;1;0;1
Chanaral;ASV0867;Core;6,92E-05;11;537,3636322;1
Chanaral;ASV0882;Core;4,31E-05;5;0,019607843;1
Chanaral;ASV0932;Core;0,015952048;3;1900;2
Chanaral;ASV1079;Core;7,60E-05;11;58,96183611;1
Chanaral;ASV1112;Core;0,000435236;6;785,5415977;5
Chanaral;ASV1119;Core;4,92E-05;7;41,25132396;1
Chanaral;ASV1191;Core;7,28E-09;3;0;21
Chanaral;ASV1207;Core;0,000133095;16;5128,842483;1
Chanaral;ASV1272;Core;1,17E-05;2;0;7
Chanaral;ASV1335;Core;7,28E-09;3;0;21
Chanaral;ASV1389;Core;1,26E-05;2;0;5
Chanaral;ASV1403;Core;4,33E-08;1;0;6
Chanaral;ASV1411;Core;0;1;0;44
Chanaral;ASV1412;Core;0;1;0;48
Chanaral;ASV1506;Core;5,05E-07;4;5694;21
Chanaral;ASV1593;Core;4,10E-05;8;0,333333333;1
Chanaral;ASV1742;Core;0;1;0;42
Chanaral;ASV2590;Core;0,292931226;37;2697,818623;2
Flamenco;ASV0001;Core;0,000380587;24;3400,580331;3
Flamenco;ASV0003;Core;0,000228213;24;2596,467152;3
Flamenco;ASV0006;Core;0,000228213;24;2596,467152;3
Flamenco;ASV0008;Core;0,000227065;22;1326,452725;3
Flamenco;ASV0013;Core;0,000586454;33;33247,04567;3
Flamenco;ASV0016;Core;0,000203904;32;3834,504226;3
Flamenco;ASV0017;Core;0,00015382;31;3457,172341;3
Flamenco;ASV0021;Core;2,52E-05;15;26,31955035;3
Flamenco;ASV0023;Core;0,00021811;47;18739,60567;3
Flamenco;ASV0025;Core;1,16E-18;2;0;33
Flamenco;ASV0029;Core;3,52E-05;18;49,0935536;3
Flamenco;ASV0030;Core;0,004567544;25;9411,156783;3
Flamenco;ASV0032;Core;8,44E-08;2;0;3
Flamenco;ASV0034;Core;1,65E-05;12;16,16423306;3
Flamenco;ASV0035;Core;0,000364875;47;29878,84484;3
Flamenco;ASV0036;Core;0,000179386;24;2314,371919;3
Flamenco;ASV0037;Core;1,92E-18;2;0;33
Flamenco;ASV0038;Core;0,000215068;47;12352,17201;3
Flamenco;ASV0039;Core;1,54E-18;2;0;33
Flamenco;ASV0040;Core;3,95E-06;3;1037;3
Flamenco;ASV0043;Core;3,95E-06;3;1037;3
Flamenco;ASV0045;Core;0,004496736;11;8,437622334;3
Flamenco;ASV0048;Core;1,39E-05;24;51,11874874;3
Flamenco;ASV0050;Core;0,000113772;20;1148,345868;3
Flamenco;ASV0053;Core;0,000113772;20;1148,345868;3
Flamenco;ASV0056;Core;1,89E-05;25;4729,811562;3
Flamenco;ASV0063;Core;3,04E-06;4;0;3
Flamenco;ASV0064;Core;1,04E-05;21;33,80370362;3
Flamenco;ASV0071;Core;8,99E-19;1;0;56
Flamenco;ASV0072;Core;3,67E-05;43;6333,969582;3
Flamenco;ASV0073;Core;2,04E-05;31;444,260413;3
Flamenco;ASV0077;Core;3,03E-05;3;0;21
Flamenco;ASV0081;Core;9,45E-20;1;0;56
Flamenco;ASV0083;Core;3,09E-05;36;3007,560697;3
Flamenco;ASV0085;Core;1,46E-05;27;375,6750993;3
Flamenco;ASV0086;Core;1,07E-18;1;0;49
Flamenco;ASV0097;Core;2,20E-05;11;189,5413274;3
Flamenco;ASV0101;Core;1,35E-05;17;17437,69159;3
Flamenco;ASV0102;Core;1,72E-05;28;632,0577874;3
Flamenco;ASV0104;Core;4,80E-05;36;5904,786937;3
Flamenco;ASV0107;Core;0,000176409;10;859,7760473;3
Flamenco;ASV0118;Core;1,82E-05;29;789,103225;3
Flamenco;ASV0120;Core;3,03E-05;3;0;21
Flamenco;ASV0127;Core;3,03E-05;3;0;21
Flamenco;ASV0134;Core;1,65E-05;31;2270,105016;3
Flamenco;ASV0135;Core;7,68E-08;2;2075;3
Flamenco;ASV0142;Core;4,67E-05;38;5556,21195;3
Flamenco;ASV0143;Core;2,41E-06;5;7516,730418;4
Flamenco;ASV0145;Core;2,04E-05;31;4944,149678;3
Flamenco;ASV0147;Core;3,91E-05;36;4514,858649;3
Flamenco;ASV0206;Core;0,003364952;9;2196,088882;3
Flamenco;ASV0210;Core;2,89E-05;35;5221,185285;3
Flamenco;ASV0223;Core;2,10E-05;27;1849,52038;3
Flamenco;ASV0238;Core;1,05E-07;4;1506,273248;4
Flamenco;ASV0261;Core;5,45E-05;48;28502,3166;3
Flamenco;ASV0270;Core;2,24E-06;5;0,832409616;3
Flamenco;ASV0273;Core;2,18E-05;20;1492,0138;3
Flamenco;ASV0277;Core;4,26E-05;43;7075,322529;3
Flamenco;ASV0279;Core;0,000257148;30;12282,89627;3
Flamenco;ASV0315;Core;0,006856845;25;9987,344082;3
Flamenco;ASV0382;Core;0,006637943;20;1490,573319;3
Flamenco;ASV0395;Core;0,009933137;19;955,0682002;3
Flamenco;ASV0403;Core;3,21E-05;41;4282,513415;3
Flamenco;ASV0452;Core;0,053483353;17;2167,62124;2
Flamenco;ASV0462;Core;0,00111113;2;187,5766411;3
Flamenco;ASV0510;Core;1,53E-05;5;10,35499969;3
Flamenco;ASV0561;Core;2,02E-05;29;1889,348525;3
Flamenco;ASV0631;Core;3,40E-05;41;6359,750154;3
Flamenco;ASV0688;Core;1,01E-18;1;0;40
Flamenco;ASV0711;Core;3,27E-05;37;1834,324988;3
Flamenco;ASV0775;Core;3,39E-09;3;0;24
Flamenco;ASV0799;Core;0,000221225;5;0;2
Flamenco;ASV0834;Core;3,95E-06;3;168,066397;3
Flamenco;ASV0867;Core;1,12E-05;10;15,69471434;3
Flamenco;ASV0882;Core;2,47E-06;2;0;4
Flamenco;ASV0932;Core;0,006535741;3;2075;3
Flamenco;ASV1079;Core;1,52E-05;11;137,7085709;3
Flamenco;ASV1112;Core;0,000221278;6;832,4201992;2
Flamenco;ASV1119;Core;1,04E-05;7;106,7000758;3
Flamenco;ASV1191;Core;3,39E-09;3;0;24
Flamenco;ASV1207;Core;3,01E-05;16;3248,704263;3
Flamenco;ASV1272;Core;2,67E-06;2;0;4
Flamenco;ASV1335;Core;3,39E-09;3;0;24
Flamenco;ASV1389;Core;4,99E-06;2;0;2
Flamenco;ASV1403;Core;3,69E-06;1;0;3
Flamenco;ASV1411;Core;7,06E-20;1;0;40
Flamenco;ASV1412;Core;7,52E-19;1;0;49
Flamenco;ASV1506;Core;3,10E-07;4;6219;24
Flamenco;ASV1593;Core;7,42E-06;8;0,333333333;3
Flamenco;ASV1742;Core;8,21E-10;1;0;3
Flamenco;ASV2590;Core;0,143279605;38;5994,061386;2
Huasco;ASV0001;Core;0,000352502;22;4563,310383;1
Huasco;ASV0003;Core;0,000352993;23;5000,169123;1
Huasco;ASV0006;Core;0,000352993;23;5000,169123;1
Huasco;ASV0008;Core;0,000242527;21;2415,927446;1
Huasco;ASV0013;Core;5,99E-05;30;5067,116601;1
Huasco;ASV0016;Core;6,01E-05;31;5247,811724;1
Huasco;ASV0017;Core;6,01E-05;31;5247,811724;1
Huasco;ASV0021;Core;5,10E-05;15;67,41519216;1
Huasco;ASV0023;Core;0,00066936;47;21088,72127;1
Huasco;ASV0025;Core;1,30E-17;2;0;43
Huasco;ASV0029;Core;5,34E-05;18;80,11013462;1
Huasco;ASV0030;Core;4,44E-05;17;8522,565034;1
Huasco;ASV0032;Core;1,55E-07;2;0;33
Huasco;ASV0034;Core;3,68E-05;12;39,07787118;1
Huasco;ASV0035;Core;0,000417448;46;22307,66095;1
Huasco;ASV0036;Core;0,000243483;23;4368,596939;1
Huasco;ASV0037;Core;1,36E-17;2;0;43
Huasco;ASV0038;Core;0,000502205;47;15229,36323;1
Huasco;ASV0039;Core;1,37E-17;2;0;43
Huasco;ASV0040;Core;5,72E-06;3;1080,5;33
Huasco;ASV0042;Core;2,12E-17;3;0;30
Huasco;ASV0043;Core;5,72E-06;3;1080,5;33
Huasco;ASV0045;Core;1,24E-06;5;323,0298761;3
Huasco;ASV0048;Core;0,002347007;24;41,69618542;1
Huasco;ASV0050;Core;0,000241936;20;2205,718262;1
Huasco;ASV0053;Core;0,000241936;20;2205,718262;1
Huasco;ASV0056;Core;0,005725109;25;9439,185056;1
Huasco;ASV0063;Core;7,86E-05;4;0;1
Huasco;ASV0064;Core;0,001654003;21;29,00851152;1
Huasco;ASV0071;Core;7,86E-18;1;0;72
Huasco;ASV0072;Core;0,009758033;43;13369,17346;1
Huasco;ASV0073;Core;0,004159653;31;437,1559281;1
Huasco;ASV0077;Core;2,83E-08;3;0;29
Huasco;ASV0081;Core;7,72E-18;1;0;72
Huasco;ASV0083;Core;0,009106136;36;7301,692733;1
Huasco;ASV0085;Core;0,004107159;27;394,3525288;1
Huasco;ASV0086;Core;8,45E-18;1;0;61
Huasco;ASV0097;Core;0,000138904;11;188,1110081;1
Huasco;ASV0101;Core;0,0016081;17;23595,9131;1
Huasco;ASV0102;Core;0,003899689;28;683,0533961;1
Huasco;ASV0104;Core;0,002752893;36;7760,771014;1
Huasco;ASV0107;Core;8,16E-05;8;225,3861024;1
Huasco;ASV0118;Core;0,003724437;29;431,9020251;1
Huasco;ASV0120;Core;2,83E-08;3;0;29
Huasco;ASV0127;Core;2,83E-08;3;0;29
Huasco;ASV0134;Core;0,006197812;31;1944,855896;1
Huasco;ASV0135;Core;8,98E-08;4;2162;3
Huasco;ASV0142;Core;0,002831227;38;7996,848322;1
Huasco;ASV0143;Core;0,001306658;4;7593,404898;1
Huasco;ASV0145;Core;0,006500289;31;4034,893641;1
Huasco;ASV0147;Core;0,002766118;36;6390,735404;1
Huasco;ASV0206;Core;6,55E-06;9;4052,59535;3
Huasco;ASV0210;Core;0,003300696;35;5154,00474;1
Huasco;ASV0223;Core;0,008135054;27;2224,393222;1
Huasco;ASV0238;Core;3,43E-05;2;9,670612125;1
Huasco;ASV0261;Core;0,013354004;49;44142,72968;1
Huasco;ASV0270;Core;0,001736504;5;2,329641109;1
Huasco;ASV0273;Core;0,00096826;21;3692,136855;1
Huasco;ASV0277;Core;0,005841808;43;8169,474162;1
Huasco;ASV0279;Core;0,001615986;30;10433,12287;1
Huasco;ASV0315;Core;3,01E-05;13;6943,677629;1
Huasco;ASV0382;Core;2,47E-05;22;3095,478608;3
Huasco;ASV0395;Core;2,19E-05;21;2727,13256;3
Huasco;ASV0403;Core;0,01298353;41;5016,723432;1
Huasco;ASV0442;Core;1,41E-17;2;1;50
Huasco;ASV0452;Core;4,22E-05;7;103,9244016;3
Huasco;ASV0456;Core;6,51E-07;1;0;3
Huasco;ASV0462;Core;3,74E-07;2;54,91357224;3
Huasco;ASV0510;Core;4,58E-05;6;15,19733325;1
Huasco;ASV0561;Core;0,004511202;29;982,9470015;1
Huasco;ASV0569;Core;6,51E-07;1;0;3
Huasco;ASV0631;Core;0,014139916;41;3679,778621;1
Huasco;ASV0688;Core;2,22E-08;1;0;3
Huasco;ASV0711;Core;0,0132558;37;2094,709144;1
Huasco;ASV0775;Core;4,02E-07;3;0;24
Huasco;ASV0799;Core;6,44E-18;1;0;51
Huasco;ASV0834;Core;6,32E-06;1;0;3
Huasco;ASV0838;Core;5,85E-05;1;0;3
Huasco;ASV0867;Core;1,69E-05;11;932,7124411;1
Huasco;ASV0882;Core;0,001469601;4;0,033333333;1
Huasco;ASV0932;Core;9,85E-06;3;2162;3
Huasco;ASV1079;Core;3,16E-05;11;149,8885054;1
Huasco;ASV1112;Core;1,49E-17;2;1;51
Huasco;ASV1119;Core;1,80E-05;7;105,6051988;1
Huasco;ASV1191;Core;4,02E-07;3;0;24
Huasco;ASV1207;Core;0,001891571;17;10473,42904;1
Huasco;ASV1335;Core;4,02E-07;3;0;24
Huasco;ASV1389;Core;7,93E-18;1;0;51
Huasco;ASV1403;Core;4,28E-08;1;0;3
Huasco;ASV1411;Core;1,64E-06;3;2162;3
Huasco;ASV1412;Core;7,14E-18;1;0;61
Huasco;ASV1506;Core;2,90E-05;4;6480;24
Huasco;ASV1593;Core;1,52E-05;8;0,333333333;1
Huasco;ASV1742;Core;1,21E-09;1;0;3
Huasco;ASV2590;Core;6,09E-05;13;2281,450937;3
Pta_Choros;ASV0001;Core;1,36E-06;23;3742,266727;1
Pta_Choros;ASV0003;Core;5,40E-07;23;1530,549331;1
Pta_Choros;ASV0006;Core;5,40E-07;23;1530,549331;1
Pta_Choros;ASV0008;Core;5,39E-07;21;751,9233386;1
Pta_Choros;ASV0013;Core;2,58E-06;34;20281,04023;1
Pta_Choros;ASV0016;Core;2,32E-07;33;2323,133532;1
Pta_Choros;ASV0017;Core;1,85E-07;32;2194,01772;1
Pta_Choros;ASV0021;Core;6,51E-08;15;8,667357792;1
Pta_Choros;ASV0023;Core;2,40E-07;49;12203,85638;1
Pta_Choros;ASV0025;Core;1,73E-17;2;0;36
Pta_Choros;ASV0029;Core;9,66E-08;18;19,62304751;1
Pta_Choros;ASV0030;Core;3,41E-06;20;2773,75489;1
Pta_Choros;ASV0032;Core;2,40E-10;2;0;1
Pta_Choros;ASV0034;Core;3,57E-08;12;5,868801142;1
Pta_Choros;ASV0035;Core;1,05E-06;49;28519,70265;1
Pta_Choros;ASV0036;Core;5,04E-07;23;1234,814064;1
Pta_Choros;ASV0037;Core;1,30E-17;2;0;36
Pta_Choros;ASV0038;Core;2,38E-07;49;7523,681537;1
Pta_Choros;ASV0039;Core;8,65E-18;2;0;36
Pta_Choros;ASV0040;Core;1,13E-08;3;632;1
Pta_Choros;ASV0042;Core;7,97E-12;3;0;21
Pta_Choros;ASV0043;Core;1,13E-08;3;632;1
Pta_Choros;ASV0045;Core;3,08E-06;8;8,91981514;1
Pta_Choros;ASV0048;Core;2,56E-09;23;67,55236491;1
Pta_Choros;ASV0050;Core;4,60E-07;19;668,164472;1
Pta_Choros;ASV0053;Core;4,60E-07;19;668,164472;1
Pta_Choros;ASV0056;Core;4,98E-09;22;1593,014356;1
Pta_Choros;ASV0063;Core;2,88E-09;4;0;1
Pta_Choros;ASV0064;Core;2,47E-09;21;52,03675639;1
Pta_Choros;ASV0071;Core;4,32E-18;1;0;53
Pta_Choros;ASV0072;Core;8,02E-09;37;2390,999939;1
Pta_Choros;ASV0073;Core;2,76E-09;26;115,7904472;1
Pta_Choros;ASV0077;Core;1,48E-09;3;0;17
Pta_Choros;ASV0081;Core;1,08E-18;1;0;53
Pta_Choros;ASV0083;Core;5,55E-09;32;1106,777825;1
Pta_Choros;ASV0085;Core;2,90E-09;26;436,2945602;1
Pta_Choros;ASV0086;Core;5,40E-18;1;0;49
Pta_Choros;ASV0097;Core;5,08E-08;11;223,3228861;1
Pta_Choros;ASV0101;Core;1,83E-08;17;6460,364424;1
Pta_Choros;ASV0102;Core;2,73E-09;26;984,6377615;1
Pta_Choros;ASV0104;Core;3,27E-08;36;6423,256931;1
Pta_Choros;ASV0107;Core;1,59E-07;10;602,0671649;1
Pta_Choros;ASV0118;Core;2,67E-09;24;89,3044488;1
Pta_Choros;ASV0120;Core;1,48E-09;3;0;17
Pta_Choros;ASV0127;Core;1,48E-09;3;0;17
Pta_Choros;ASV0134;Core;5,17E-09;28;1124,996275;1
Pta_Choros;ASV0135;Core;1,01E-07;4;1265;1
Pta_Choros;ASV0142;Core;3,20E-08;38;5549,958181;1
Pta_Choros;ASV0143;Core;1,07E-09;4;5495,07745;7
Pta_Choros;ASV0145;Core;6,05E-09;27;1466,661442;1
Pta_Choros;ASV0147;Core;2,94E-08;36;4324,680311;1
Pta_Choros;ASV0206;Core;2,46E-07;9;1708,978318;1
Pta_Choros;ASV0210;Core;1,50E-08;34;1757,334539;1
Pta_Choros;ASV0223;Core;3,42E-09;21;471,082687;1
Pta_Choros;ASV0238;Core;9,94E-10;2;0;7
Pta_Choros;ASV0261;Core;2,82E-08;42;9813,719301;1
Pta_Choros;ASV0270;Core;6,28E-09;5;47,98460328;1
Pta_Choros;ASV0273;Core;8,52E-08;21;4407,489033;1
Pta_Choros;ASV0277;Core;1,53E-08;41;4595,089555;1
Pta_Choros;ASV0279;Core;6,23E-08;30;11672,25399;1
Pta_Choros;ASV0315;Core;3,42E-05;21;9162,947966;1
Pta_Choros;ASV0382;Core;4,91E-07;22;1262,789451;1
Pta_Choros;ASV0395;Core;7,71E-07;21;1612,528322;1
Pta_Choros;ASV0403;Core;5,00E-09;34;1704,599001;1
Pta_Choros;ASV0442;Core;2,92E-13;1;0;13
Pta_Choros;ASV0452;Core;3,42E-05;5;8,166059332;1
Pta_Choros;ASV0456;Core;0,000511126;2;0;2
Pta_Choros;ASV0462;Core;1,69E-08;3;1374,449495;1
Pta_Choros;ASV0510;Core;1,99E-08;6;7,991666221;1
Pta_Choros;ASV0561;Core;2,55E-09;23;303,5187147;1
Pta_Choros;ASV0569;Core;0,000511126;2;0;2
Pta_Choros;ASV0631;Core;2,92E-09;27;485,9116965;1
Pta_Choros;ASV0688;Core;1,58E-08;1;0;1
Pta_Choros;ASV0711;Core;2,85E-09;26;365,1043559;1
Pta_Choros;ASV0775;Core;2,21E-13;3;0;18
Pta_Choros;ASV0799;Core;0,0002562;5;0;1
Pta_Choros;ASV0834;Core;0,000124155;3;7,242438157;4
Pta_Choros;ASV0838;Core;2,35E-09;1;0;1
Pta_Choros;ASV0867;Core;2,33E-08;11;685,6788487;1
Pta_Choros;ASV0932;Core;1,11E-07;1;0;1
Pta_Choros;ASV1079;Core;2,61E-08;11;111,8588324;1
Pta_Choros;ASV1112;Core;0,000256258;6;530,8206123;1
Pta_Choros;ASV1119;Core;1,66E-08;7;76,79852951;1
Pta_Choros;ASV1191;Core;2,21E-13;3;0;18
Pta_Choros;ASV1207;Core;6,48E-08;14;303,4269401;1
Pta_Choros;ASV1272;Core;1,94E-08;2;0;11
Pta_Choros;ASV1335;Core;2,21E-13;3;0;18
Pta_Choros;ASV1389;Core;5,54E-06;2;0;1
Pta_Choros;ASV1403;Core;4,11E-10;1;0;1
Pta_Choros;ASV1411;Core;1,49E-06;3;1265;1
Pta_Choros;ASV1412;Core;4,32E-18;1;0;49
Pta_Choros;ASV1506;Core;2,04E-11;4;3789;18
Pta_Choros;ASV1593;Core;1,65E-08;8;0,333333333;1
Pta_Choros;ASV1742;Core;1,07E-09;1;0;1
Pta_Choros;ASV2590;Core;5,34E-05;14;4978,623862;1
Quintero;ASV0001;Core;0,000161691;24;6646,74795;1
Quintero;ASV0003;Core;8,92E-05;24;3061,065292;1
Quintero;ASV0006;Core;8,92E-05;24;3061,065292;1
Quintero;ASV0008;Core;8,91E-05;22;1915,92197;1
Quintero;ASV0013;Core;0,000292302;34;48383,10018;1
Quintero;ASV0016;Core;3,06E-05;33;7838,562105;1
Quintero;ASV0017;Core;2,30E-05;32;6959,70605;1
Quintero;ASV0021;Core;7,46E-06;15;10,97348093;1
Quintero;ASV0023;Core;3,07E-05;49;25986,17276;1
Quintero;ASV0025;Core;4,80E-19;2;0;30
Quintero;ASV0029;Core;1,05E-05;18;31,83334791;1
Quintero;ASV0030;Core;0,00066767;25;13232,11363;1
Quintero;ASV0032;Core;1,60E-08;2;0;1
Quintero;ASV0034;Core;3,95E-06;12;6,693405255;1
Quintero;ASV0035;Core;0,000103241;49;65445,05988;1
Quintero;ASV0036;Core;8,34E-05;24;2912,025288;1
Quintero;ASV0037;Core;9,79E-19;2;0;30
Quintero;ASV0038;Core;3,06E-05;49;20166,05793;1
Quintero;ASV0039;Core;0;2;0;30
Quintero;ASV0040;Core;9,12E-07;3;898;1
Quintero;ASV0042;Core;6,22E-09;3;0;24
Quintero;ASV0043;Core;9,12E-07;3;898;1
Quintero;ASV0045;Core;0,000443109;11;12,49351237;1
Quintero;ASV0048;Core;3,84E-08;22;83,09820451;1
Quintero;ASV0050;Core;7,75E-05;20;1628,191035;1
Quintero;ASV0053;Core;7,75E-05;20;1628,191035;1
Quintero;ASV0056;Core;1,63E-07;20;2231,45508;1
Quintero;ASV0063;Core;2,72E-07;4;0;1
Quintero;ASV0064;Core;3,29E-08;19;52,10956853;1
Quintero;ASV0071;Core;6,52E-19;1;0;55
Quintero;ASV0072;Core;1,39E-07;33;2356,481979;1
Quintero;ASV0073;Core;8,13E-08;27;655,6798768;1
Quintero;ASV0077;Core;2,26E-18;2;0;29
Quintero;ASV0081;Core;1,12E-18;1;0;55
Quintero;ASV0083;Core;1,04E-07;27;649,3273997;1
Quintero;ASV0085;Core;4,92E-08;24;267,8928677;1
Quintero;ASV0086;Core;1,42E-19;1;0;51
Quintero;ASV0097;Core;4,72E-06;11;324,4327236;1
Quintero;ASV0101;Core;1,53E-06;17;10824,48052;1
Quintero;ASV0102;Core;4,38E-08;25;504,947387;1
Quintero;ASV0104;Core;1,74E-06;32;6716,335805;1
Quintero;ASV0107;Core;2,26E-05;10;1236,591429;1
Quintero;ASV0118;Core;4,66E-08;25;1620,813985;1
Quintero;ASV0120;Core;5,09E-19;2;0;29
Quintero;ASV0127;Core;8,92E-19;2;0;29
Quintero;ASV0134;Core;1,44E-07;29;1353,807957;1
Quintero;ASV0135;Core;4,16E-10;2;1797;1
Quintero;ASV0142;Core;1,88E-06;34;4939,923965;1
Quintero;ASV0143;Core;6,12E-09;4;6356,112044;2
Quintero;ASV0145;Core;3,92E-07;28;2719,99665;1
Quintero;ASV0147;Core;1,88E-06;32;4153,786395;1
Quintero;ASV0206;Core;3,02E-08;6;12557,27551;1
Quintero;ASV0210;Core;7,85E-07;33;3087,169478;1
Quintero;ASV0223;Core;1,58E-07;23;1616,705793;1
Quintero;ASV0238;Core;3,36E-09;3;29,73418729;2
Quintero;ASV0261;Core;1,64E-06;40;17606,0816;1
Quintero;ASV0270;Core;2,58E-07;5;51,10459805;1
Quintero;ASV0273;Core;1,63E-06;21;3644,598723;1
Quintero;ASV0277;Core;4,82E-07;38;5505,103191;1
Quintero;ASV0279;Core;1,48E-07;25;9915,496889;1
Quintero;ASV0315;Core;0,007680589;25;19928,22531;1
Quintero;ASV0382;Core;9,11E-09;10;1232,323491;1
Quintero;ASV0395;Core;2,23E-09;7;448,369026;1
Quintero;ASV0403;Core;1,29E-07;31;3294,193843;1
Quintero;ASV0442;Core;1,16E-10;2;78,78002894;4
Quintero;ASV0452;Core;1,99E-05;5;354,8998356;1
Quintero;ASV0462;Core;1,38E-06;2;466,805718;4
Quintero;ASV0510;Core;1,47E-06;6;50,20180849;1
Quintero;ASV0561;Core;7,43E-08;24;1277,490493;1
Quintero;ASV0569;Core;3,08E-06;1;0;5
Quintero;ASV0631;Core;8,85E-08;29;2094,519416;1
Quintero;ASV0688;Core;1,02E-10;1;0;2
Quintero;ASV0711;Core;8,58E-08;28;2023,784271;1
Quintero;ASV0775;Core;1,29E-18;3;0;23
Quintero;ASV0799;Core;3,16E-10;3;0;13
Quintero;ASV0834;Core;0,008443861;3;4,077532607;3
Quintero;ASV0867;Core;1,88E-06;11;2336,793008;1
Quintero;ASV0932;Core;3,31E-19;1;0;53
Quintero;ASV1079;Core;2,47E-06;11;63,36568682;1
Quintero;ASV1112;Core;3,19E-10;4;1;13
Quintero;ASV1119;Core;1,32E-06;7;47,09716883;1
Quintero;ASV1191;Core;0;3;0;23
Quintero;ASV1207;Core;7,40E-06;17;7588,992249;1
Quintero;ASV1272;Core;3,19E-06;2;0;1
Quintero;ASV1335;Core;1,69E-18;3;0;23
Quintero;ASV1389;Core;3,13E-10;2;0;13
Quintero;ASV1403;Core;1,49E-08;1;0;1
Quintero;ASV1411;Core;1,17E-08;2;1797;2
Quintero;ASV1412;Core;7,60E-19;1;0;51
Quintero;ASV1506;Core;3,79E-18;3;0;23
Quintero;ASV1593;Core;1,41E-06;8;0,333333333;1
Quintero;ASV1742;Core;3,64E-12;1;0;1
Quintero;ASV2590;Core;0,000179286;15;5836,024866;1
Las_Cruces;ASV0001;Core;1,15E-07;23;2345,724838;3
Las_Cruces;ASV0003;Core;1,15E-07;24;2468,068921;3
Las_Cruces;ASV0006;Core;1,15E-07;24;2468,068921;3
Las_Cruces;ASV0008;Core;8,84E-08;22;1100,699551;3
Las_Cruces;ASV0013;Core;5,16E-08;32;14631,89461;3
Las_Cruces;ASV0016;Core;5,22E-08;33;15057,34488;3
Las_Cruces;ASV0017;Core;5,20E-08;32;13803,02709;3
Las_Cruces;ASV0021;Core;1,56E-08;15;10,09332606;3
Las_Cruces;ASV0023;Core;1,90E-07;45;36936,44709;3
Las_Cruces;ASV0025;Core;3,94E-18;2;0;39
Las_Cruces;ASV0029;Core;1,73E-08;18;22,78299347;3
Las_Cruces;ASV0030;Core;1,92E-08;21;5376,44865;3
Las_Cruces;ASV0032;Core;3,51E-11;2;0;26
Las_Cruces;ASV0034;Core;1,23E-08;12;6,664752813;3
Las_Cruces;ASV0035;Core;1,39E-07;47;34520,5713;3
Las_Cruces;ASV0036;Core;9,07E-08;24;1762,476979;3
Las_Cruces;ASV0037;Core;2,83E-18;2;0;39
Las_Cruces;ASV0038;Core;2,08E-07;45;29204,88701;3
Las_Cruces;ASV0039;Core;3,15E-18;2;0;39
Las_Cruces;ASV0040;Core;1,57E-09;3;1065,5;26
Las_Cruces;ASV0042;Core;3,24E-09;3;0;22
Las_Cruces;ASV0043;Core;1,57E-09;3;1065,5;26
Las_Cruces;ASV0045;Core;6,33E-09;8;0,142857143;3
Las_Cruces;ASV0048;Core;1,08E-07;19;20,91938466;3
Las_Cruces;ASV0050;Core;8,75E-08;20;871,6644035;3
Las_Cruces;ASV0053;Core;8,75E-08;20;871,6644035;3
Las_Cruces;ASV0056;Core;5,78E-08;17;3801,978803;3
Las_Cruces;ASV0063;Core;8,68E-09;4;0;3
Las_Cruces;ASV0064;Core;1,06E-07;17;11,1070393;3
Las_Cruces;ASV0071;Core;1,75E-18;1;0;65
Las_Cruces;ASV0072;Core;2,12E-07;30;1601,347819;3
Las_Cruces;ASV0073;Core;1,13E-07;22;115,940007;3
Las_Cruces;ASV0077;Core;3,56E-18;3;0;19
Las_Cruces;ASV0081;Core;1,73E-18;1;0;65
Las_Cruces;ASV0083;Core;1,84E-07;29;1533,732186;3
Las_Cruces;ASV0085;Core;1,10E-07;19;12,81302617;3
Las_Cruces;ASV0086;Core;1,46E-18;1;0;57
Las_Cruces;ASV0097;Core;2,12E-08;11;383,6531614;3
Las_Cruces;ASV0101;Core;3,51E-08;16;9337,781491;3
Las_Cruces;ASV0102;Core;1,09E-07;19;1517,943031;3
Las_Cruces;ASV0104;Core;4,35E-07;28;30618,71605;3
Las_Cruces;ASV0107;Core;1,15E-08;10;1352,522437;3
Las_Cruces;ASV0118;Core;1,12E-07;20;82,82067519;3
Las_Cruces;ASV0120;Core;3,39E-18;3;0;19
Las_Cruces;ASV0127;Core;3,86E-18;3;0;19
Las_Cruces;ASV0134;Core;4,06E-08;21;168,1967943;3
Las_Cruces;ASV0135;Core;1,30E-06;3;2132;3
Las_Cruces;ASV0142;Core;4,36E-07;32;37292,57866;3
Las_Cruces;ASV0143;Core;7,37E-09;3;6390;9
Las_Cruces;ASV0145;Core;4,39E-08;23;1156,586946;3
Las_Cruces;ASV0147;Core;3,07E-07;30;16418,66778;3
Las_Cruces;ASV0206;Core;1,47E-06;8;472,9993782;3
Las_Cruces;ASV0210;Core;2,18E-07;30;4537,010854;3
Las_Cruces;ASV0223;Core;3,50E-08;17;161,4110328;3
Las_Cruces;ASV0238;Core;1,94E-08;4;1668,66076;9
Las_Cruces;ASV0261;Core;3,11E-07;36;14132,06894;3
Las_Cruces;ASV0270;Core;1,40E-09;2;339,7912409;9
Las_Cruces;ASV0273;Core;8,24E-08;16;545,6207195;3
Las_Cruces;ASV0277;Core;3,75E-07;36;14655,16111;3
Las_Cruces;ASV0279;Core;2,65E-06;23;8762,699448;3
Las_Cruces;ASV0315;Core;1,11E-08;15;4766,517266;3
Las_Cruces;ASV0382;Core;7,88E-06;13;2006,176734;3
Las_Cruces;ASV0395;Core;1,11E-05;14;1027,328279;3
Las_Cruces;ASV0403;Core;1,26E-07;31;1995,180025;3
Las_Cruces;ASV0442;Core;8,16E-05;2;430,0705174;1
Las_Cruces;ASV0452;Core;1,00E-06;1;0;5
Las_Cruces;ASV0456;Core;0,009373617;2;0;6
Las_Cruces;ASV0462;Core;1,01E-06;3;2338,255931;3
Las_Cruces;ASV0510;Core;5,60E-08;5;3,09178795;3
Las_Cruces;ASV0561;Core;1,04E-07;17;18,76525628;3
Las_Cruces;ASV0569;Core;0,01315179;3;0,937789506;6
Las_Cruces;ASV0631;Core;1,11E-07;21;3395,54651;3
Las_Cruces;ASV0688;Core;1,66E-18;1;0;52
Las_Cruces;ASV0711;Core;1,11E-07;21;3395,54651;3
Las_Cruces;ASV0775;Core;1,25E-11;3;0;23
Las_Cruces;ASV0799;Core;7,00E-05;5;0;5
Las_Cruces;ASV0867;Core;4,56E-08;11;1658,980509;3
Las_Cruces;ASV0932;Core;8,97E-08;2;2132;3
Las_Cruces;ASV1079;Core;7,87E-08;11;171,3045071;3
Las_Cruces;ASV1112;Core;7,00E-05;6;1064;5
Las_Cruces;ASV1119;Core;7,53E-08;7;111,0821988;3
Las_Cruces;ASV1191;Core;1,25E-11;3;0;23
Las_Cruces;ASV1207;Core;5,38E-08;17;11962,7158;3
Las_Cruces;ASV1272;Core;1,32E-10;2;0;4
Las_Cruces;ASV1335;Core;1,25E-11;3;0;23
Las_Cruces;ASV1389;Core;1,57E-06;2;0;5
Las_Cruces;ASV1411;Core;1,29E-18;1;0;52
Las_Cruces;ASV1412;Core;1,06E-18;1;0;57
Las_Cruces;ASV1506;Core;1,09E-09;4;6390;23
Las_Cruces;ASV1593;Core;6,62E-09;8;0,333333333;3
Las_Cruces;ASV1742;Core;1,45E-08;1;0;3
Las_Cruces;ASV2590;Core;3,67E-06;13;20612,01219;3
