"";"Sequences";"ASV";"Kingdom";"Supergroup";"Division";"Subdivision";"Class";"Order";"Family";"Genus";"Species"
"ASV0001";"ATTCCAGCTCCAATAGCGTATATTTAAGTTGTTGCAGTTAAAAAGCTCGTAGTCGGATTTTGGCTGAGAACGGTCGGTCCGCCGTTAGGTGTGCACTGACTGGTCTCAGCTTCCTGGTGAGGAGGTGTGCTTCATCGCCACTTAGTCACCGTGGTTACTTTGAAAAAATTAGAGTGTTCAAAGCGGGCTTACGCTTGAATATATTAGCATGGAATAACACCATAGGACTCCTGTCCTATTTCGTTGGTCTCGGGACGGGAGTAATGATTAAGAGGAACAGTTGGGGGCATTCGTATTTCATTGTCAGAGGTGAAATTCTTGGATTTATGAAAGACGAACTTCTGCGAAAGCATTTGCCAAGGATGTTTTCATCA";"ASV0001";"Eukaryota";"Archaeplastida";"Chlorophyta";"Chlorophyta_X";"Mamiellophyceae";"Mamiellales";"Bathycoccaceae";"Ostreococcus";NA
"ASV0003";"ATTCCAGCTCCAATAGCGTATATTTAAGTTGTTGCAGTTAAAAAGCTCGTAGTCGGATTTTGGCTGAGAACGGTCGGTCCGCCGTTAGGTGTGCACTGACTGGTCTCAGCTTCCTGGTGAGGAGGTGTGCTTCATCGCCACTTAGTCACCGTGGTTACTTTGAAAAAATTAGAGTGTTCAAAGCGGGCTTACGCTTGAATATATTAGCATGGAATAACACCATAGGACTCCTGTCCTATTTCGTTGGTCTCGGGACGGGAGTAATGATTAAGAGGAACAGTTGGGGGCATTCGTATTTCATTGTCAGAGGTGAAATTCTTGGATTTATGAAAGACGAACTTCTGCGAAAGCATTTGCCAAGGATGTTTTCATCG";"ASV0003";"Eukaryota";"Archaeplastida";"Chlorophyta";"Chlorophyta_X";"Mamiellophyceae";"Mamiellales";"Bathycoccaceae";"Ostreococcus";"Ostreococcus_lucimarinus"
"ASV0006";"ATTCCAGCTCCAATAGCGTATATTTAAGTTGTTGCAGTTAAAAAGCTCGTAGTCGGATTTTGGCTGAGAACGGTCGGTCCGCCGTTAGGTGTGCACTGACTGGTCTCAGCTTCCTGGTGAGGAGGTGTGCTTCATCGCCACTTAGTCACCGTGGTTACTTTGAAAAAATTAGAGTGTTCAAAGCGGGCTTACGCTTGAATATATTAGCATGGAATAACACCATAGGACTCCTGTCCTATTTCGTTGGTCTCGGGACGGGAGTAATGATTAAGAGGAACAGTTGGGGGCATTCGTATTTCATTGTCAGAGGTGAAATTCTTGGATTTATGAAAGACGAACTTCTGCGAAAGCATTTGCCAAGGATGTTTTCATTA";"ASV0006";"Eukaryota";"Archaeplastida";"Chlorophyta";"Chlorophyta_X";"Mamiellophyceae";"Mamiellales";"Bathycoccaceae";"Ostreococcus";"Ostreococcus_lucimarinus"
"ASV0008";"ATTCCAGCTCCAATAGCGTATATTTAAGTTGTTGCAGTTAAAAAGCTCGTAGTCGGATTTTGGCTGAGAACGGTCGGTCCGCCGTTAGGTGTGCACTGACTGGTCTCAGCTTCCTGGTGAGGAGGTGTGCTTCATCGCCACTTAGTCACCGTGGTTACTTTGAAAAAATTAGAGTGTTCAAAGCGGGCTTACGCTTGAATATATTAGCATGGAATAACACCATAGGACTCCTGTCCTATTTCGTTGGTCTCGGGACGGGAGTAATGATTAAGAGGAACAGTTGGGGGCATTCGTATTTCATTGTCAGAGGTGAAATTCTTGGATTTATGAAAGACGAACTTCTGCGAAAGCATTTGCCAAGGATGTTTTCATTG";"ASV0008";"Eukaryota";"Archaeplastida";"Chlorophyta";"Chlorophyta_X";"Mamiellophyceae";"Mamiellales";"Bathycoccaceae";"Ostreococcus";"Ostreococcus_lucimarinus"
"ASV0013";"ATTCCAGCTCCAATAGCGTATATTTAAGTTGTTGCAGTTAAAAAGCTCGTAGTTGGATTTTGGTTAAGAGGGCGCGGTCGGCCGTTTGGTCTGTACTGCGTTGTCTTGACTTCCTGATGAGGACATGCTCTTGGTTAACGCTGAGACATGGAGTCATCGTGGTTACTTTGAAAAAATTAGAGTGTTCAAAGCGGGCTTACGCTTGAATATATTAGCATGGAATAACACTATAGGACTCCTGTCCTATCTCGTTGGTCTCGGGATGGGAGTAATGATTAAGAGGAACAGTTGGGGGCATTCGTATTTCATTGTCAGAGGTGAAATTCTTGGATTTATGAAAGACGAACTTCTGCGAAAGCATTTGCCAAGGATGTTTTCATCA";"ASV0013";"Eukaryota";"Archaeplastida";"Chlorophyta";"Chlorophyta_X";"Mamiellophyceae";"Mamiellales";"Bathycoccaceae";"Bathycoccus";"Bathycoccus_prasinos"
"ASV0016";"ATTCCAGCTCCAATAGCGTATATTTAAGTTGTTGCAGTTAAAAAGCTCGTAGTTGGATTTTGGTTAAGAGGGCGCGGTCGGCCGTTTGGTCTGTACTGCGTTGTCTTGACTTCCTGATGAGGACATGCTCTTGGTTAACGCTGAGACATGGAGTCATCGTGGTTACTTTGAAAAAATTAGAGTGTTCAAAGCGGGCTTACGCTTGAATATATTAGCATGGAATAACACTATAGGACTCCTGTCCTATCTCGTTGGTCTCGGGATGGGAGTAATGATTAAGAGGAACAGTTGGGGGCATTCGTATTTCATTGTCAGAGGTGAAATTCTTGGATTTATGAAAGACGAACTTCTGCGAAAGCATTTGCCAAGGATGTTTTCATCG";"ASV0016";"Eukaryota";"Archaeplastida";"Chlorophyta";"Chlorophyta_X";"Mamiellophyceae";"Mamiellales";"Bathycoccaceae";"Bathycoccus";"Bathycoccus_prasinos"
"ASV0017";"ATTCCAGCTCCAATAGCGTATATTTAAGTTGTTGCAGTTAAAAAGCTCGTAGTTGGATTTTGGTTAAGAGGGCGCGGTCGGCCGTTTGGTCTGTACTGCGTTGTCTTGACTTCCTGATGAGGACATGCTCTTGGTTAACGCTGAGACATGGAGTCATCGTGGTTACTTTGAAAAAATTAGAGTGTTCAAAGCGGGCTTACGCTTGAATATATTAGCATGGAATAACACTATAGGACTCCTGTCCTATCTCGTTGGTCTCGGGATGGGAGTAATGATTAAGAGGAACAGTTGGGGGCATTCGTATTTCATTGTCAGAGGTGAAATTCTTGGATTTATGAAAGACGAACTTCTGCGAAAGCATTTGCCAAGGATGTTTTCATTA";"ASV0017";"Eukaryota";"Archaeplastida";"Chlorophyta";"Chlorophyta_X";"Mamiellophyceae";"Mamiellales";"Bathycoccaceae";"Bathycoccus";"Bathycoccus_prasinos"
"ASV0021";"ATTCCAGCTCCAATAGCGTATATTTAAGTTGTTGCAGTTAAAAAGCTCGTAGTTGGATTTCGGTTGAGAACGGCCGGTCCGCCGTTTGGTGTGCACTGGCTGGTTTCAACTTCCTGTAGAGGACGCGCTCTGGCTTCATCGCTGGACGCGGAGTCTACGTGGTTACTTTGAAAAAATTAGAGTGTTCAAAGCGGGCTTACGCTTGAATATTTCAGCATGGAATAACACTATAGGACTCCTGTCCTATTTCGTTGGTCTCGGGACGGGAGTAATGATTAAGAGGAACAGTTGGGGGCATTCGTATTTCATTGTCAGAGGTGAAATTCTTGGATTTATGAAAGACGAACTTCTGCGAAAGCATTTGCCAAGGATGTTTTCATCA";"ASV0021";"Eukaryota";"Archaeplastida";"Chlorophyta";"Chlorophyta_X";"Mamiellophyceae";"Mamiellales";"Mamiellaceae";"Micromonas";NA
"ASV0023";"ATTCCAGCTCCAATAGCGTATATTTAAGTTGTTGCAGTTAAAAAGCTCGTAGTTGGATTTCGGTTAAGAGCGACCGGTCCGCCGTTTGGTGTGCACTGGTTGGTTTTAACTTCCTGTAGAGGACGTGCTCTGGGCTTAACGGTCTGGACTCGGAGTCTACGTGGTTACTTTGAAAAAATTAGAGTGTTCAAAGCGGGCTTACGCTTGAATATTTCAGCATGGAATAACACTATAGGACTCCTGTCCTATTTCGTTGGTCTCGGGACGGGAGTAATGATTAAGAGGAACAGTTGGGGGCATTCGTATTTCATTGTCAGAGGTGAAATTCTTGGATTTATGAAAGACGAACTTCTGCGAAAGCATTTGCCAAGGATGTTTTCATCA";"ASV0023";"Eukaryota";"Archaeplastida";"Chlorophyta";"Chlorophyta_X";"Mamiellophyceae";"Mamiellales";"Mamiellaceae";"Micromonas";"Micromonas_commoda_A2"
"ASV0025";"ATTCCAGCTCCAATAGCGTATATTTAAGTTGCTGCAGTTAAAAAGCTCGTAGTTGGATTTCGGGTGGGAATGGCCGGTCCGCCGTTTCGGTGTGCACTTGCTACGCCCACCTTGCTGCCGGGGACGTGCTCTTGAGTTCACGCTCGGGACACGGAGTCGGCGAGGTTACTTTGAGTAAATTAGAGTGTTCAAAGCAGGCCTACGCTCTGAATACATTAGCATGGAATAACACGATAGGACTCTGGCCTATCTTGTTGGTCTGTAGGACCGGAGTAATGATTAAGAGGGACAGTCGGGGGCATTCGTATTTCATTGTCAGAGGTGAAATTCTTGGATTTATGAAAGACGAACTACTGCGAAAGCATTTGCCAAGGATGTTTTCATCA";"ASV0025";"Eukaryota";"Archaeplastida";"Chlorophyta";"Chlorophyta_X";"Trebouxiophyceae";"Chlorellales";"Chlorellales_X";"Picochlorum";"Picochlorum_sp."
"ASV0029";"ATTCCAGCTCCAATAGCGTATATTTAAGTTGTTGCAGTTAAAAAGCTCGTAGTTGGATTTCGGTTGAGAACGGCCGGTCCGCCGTTTGGTGTGCACTGGCTGGTTTCAACTTCCTGTAGAGGACGCGCTCTGGCTTCATCGCTGGACGCGGAGTCTACGTGGTTACTTTGAAAAAATTAGAGTGTTCAAAGCGGGCTTACGCTTGAATATTTCAGCATGGAATAACACTATAGGACTCCTGTCCTATTTCGTTGGTCTCGGGACGGGAGTAATGATTAAGAGGAACAGTTGGGGGCATTCGTATTTCATTGTCAGAGGTGAAATTCTTGGATTTATGAAAGACGAACTTCTGCGAAAGCATTTGCCAAGGATGTTTTCATCG";"ASV0029";"Eukaryota";"Archaeplastida";"Chlorophyta";"Chlorophyta_X";"Mamiellophyceae";"Mamiellales";"Mamiellaceae";"Micromonas";NA
"ASV0030";"ATTCCAGCTCCAATAGCGTATATTAAAGTTGTTGCAGTTAAAAAGCTCGTAGTTGGATTTCTGGCGGGAGCGATCGGTCCTTCACTCAGTGTTGGAACCTGATTGTCTCCTACCATCCATGGAGAAAACTTGTCTGGCATTAAGTTGTCGGGTAGGCAATCTCCATCTTTTACTGTGAAAAAATTAGAGTGTTCAAAGCAGGCTTATGCCGTTGAATATATTAGCATGGAATAATAAGATAGGACTATGGTACTATTTTGTTGGTTTGTGCACCATGGTAATGATTAATAGGGACAGTTGGGGGTATTCGTATTCCATTGTCAGAGGTGAAATTCTTGGATTTATGGAAGACGAACTACTGCGAAAGCATTTACCAAGGATGTTTTCATCA";"ASV0030";"Eukaryota";"TSAR";"Stramenopiles";"Gyrista";"Coscinodiscophyceae";"Rhizosoleniales";"Rhizosoleniaceae";"Rhizosolenia";"Rhizosolenia_delicatula"
"ASV0032";"ATTCCAGCTCTAATAGCGTATATTAAAGTTGTTGCAGTTAAAAAGCTCGTAGTCGGATGTCGGGCTCGGGCAAGCTGTCGGCCTTTGGTCGGACGGCAGGCTCGGGTCTTTCTGCCTGAGGAACCCGGTTGCTTTAACGAGCTGCCGGTGGACGCAGGTCGTTTACTTTGAAAAAATTAGAGTGTTCAAAGCAGGCTAGCGCTTGAATACATTAGCATGGAATAATGGAATAGGACTTTGGTGCTATTTTGTTGGTTTATGGGACCGAAGTAATGATTAACAGGGACAGTTGGGGCCGTTTATATTTCGTTGTCAGAGGTGAAATTCTTGGATTTACGAAAGATAAACTTCTGCGAAAGCATTCGGCAAGGATGTTTTCATCA";"ASV0032";"Eukaryota";"Cryptista";"Cryptophyta";"Cryptophyta_X";"Cryptophyceae";"Cryptomonadales";"Cryptomonadales_X";"Plagioselmis";"Plagioselmis_prolonga"
"ASV0034";"ATTCCAGCTCCAATAGCGTATATTTAAGTTGTTGCAGTTAAAAAGCTCGTAGTTGGATTTCGGTTGAGAACGGCCGGTCCGCCGTTTGGTGTGCACTGGCTGGTTTCAACTTCCTGTAGAGGACGCGCTCTGGCTTCATCGCTGGACGCGGAGTCTACGTGGTTACTTTGAAAAAATTAGAGTGTTCAAAGCGGGCTTACGCTTGAATATTTCAGCATGGAATAACACTATAGGACTCCTGTCCTATTTCGTTGGTCTCGGGACGGGAGTAATGATTAAGAGGAACAGTTGGGGGCATTCGTATTTCATTGTCAGAGGTGAAATTCTTGGATTTATGAAAGACGAACTTCTGCGAAAGCATTTGCCAAGGATGTTTTCATTA";"ASV0034";"Eukaryota";"Archaeplastida";"Chlorophyta";"Chlorophyta_X";"Mamiellophyceae";"Mamiellales";"Mamiellaceae";"Micromonas";NA
"ASV0035";"ATTCCAGCTCCAATAGCGTATATTTAAGTTGTTGCAGTTAAAAAGCTCGTAGTTGGATTTCGGTTAAGAGCGACCGGTCCGCCGTTTGGTGTGCACTGGTTGGTTTTAACTTCCTGTAGAGGACGTGCTCTGGGCTTAACGGTCTGGACTCGGAGTCTACGTGGTTACTTTGAAAAAATTAGAGTGTTCAAAGCGGGCTTACGCTTGAATATTTCAGCATGGAATAACACTATAGGACTCCTGTCCTATTTCGTTGGTCTCGGGACGGGAGTAATGATTAAGAGGAACAGTTGGGGGCATTCGTATTTCATTGTCAGAGGTGAAATTCTTGGATTTATGAAAGACGAACTTCTGCGAAAGCATTTGCCAAGGATGTTTTCATCG";"ASV0035";"Eukaryota";"Archaeplastida";"Chlorophyta";"Chlorophyta_X";"Mamiellophyceae";"Mamiellales";"Mamiellaceae";"Micromonas";"Micromonas_commoda_A2"
"ASV0036";"ATTCCAGCTCCAATAGCGTATATTTAAGTTGTTGCAGTTAAAAAGCTCGTAGTCGGATTTTGGCTGAGAACGGTCGGTCCGCCGTTAGGTGTGCACTGACTGGTCTCAGCTTCCTGGTGAGGAGGTGTGCTTTATCGCCACTTAGTCACCGTGGTTACTTTGAAAAAATTAGAGTGTTCAAAGCGGGCTTACGCTTGAATATATTAGCATGGAATAACACCATAGGACTCCTGTCCTATTTCGTTGGTCTCGGGACGGGAGTAATGATTAAGAGGAACAGTTGGGGGCATTCGTATTTCATTGTCAGAGGTGAAATTCTTGGATTTATGAAAGACGAACTTCTGCGAAAGCATTTGCCAAGGATGTTTTCATCA";"ASV0036";"Eukaryota";"Archaeplastida";"Chlorophyta";"Chlorophyta_X";"Mamiellophyceae";"Mamiellales";"Bathycoccaceae";"Ostreococcus";"Ostreococcus_lucimarinus"
"ASV0037";"ATTCCAGCTCCAATAGCGTATATTTAAGTTGCTGCAGTTAAAAAGCTCGTAGTTGGATTTCGGGTGGGAATGGCCGGTCCGCCGTTTCGGTGTGCACTTGCTACGCCCACCTTGCTGCCGGGGACGTGCTCTTGAGTTCACGCTCGGGACACGGAGTCGGCGAGGTTACTTTGAGTAAATTAGAGTGTTCAAAGCAGGCCTACGCTCTGAATACATTAGCATGGAATAACACGATAGGACTCTGGCCTATCTTGTTGGTCTGTAGGACCGGAGTAATGATTAAGAGGGACAGTCGGGGGCATTCGTATTTCATTGTCAGAGGTGAAATTCTTGGATTTATGAAAGACGAACTACTGCGAAAGCATTTGCCAAGGATGTTTTCATCG";"ASV0037";"Eukaryota";"Archaeplastida";"Chlorophyta";"Chlorophyta_X";"Trebouxiophyceae";"Chlorellales";"Chlorellales_X";"Picochlorum";"Picochlorum_sp."
"ASV0038";"ATTCCAGCTCCAATAGCGTATATTTAAGTTGTTGCAGTTAAAAAGCTCGTAGTTGGATTTCGGTTAAGAGCGACCGGTCCGCCGTTTGGTGTGCACTGGTTGGTTTTAACTTCCTGTAGAGGACGTGCTCTGGGCTTAACGGTCTGGACTCGGAGTCTACGTGGTTACTTTGAAAAAATTAGAGTGTTCAAAGCGGGCTTACGCTTGAATATTTCAGCATGGAATAACACTATAGGACTCCTGTCCTATTTCGTTGGTCTCGGGACGGGAGTAATGATTAAGAGGAACAGTTGGGGGCATTCGTATTTCATTGTCAGAGGTGAAATTCTTGGATTTATGAAAGACGAACTTCTGCGAAAGCATTTGCCAAGGATGTTTTCATTA";"ASV0038";"Eukaryota";"Archaeplastida";"Chlorophyta";"Chlorophyta_X";"Mamiellophyceae";"Mamiellales";"Mamiellaceae";"Micromonas";"Micromonas_commoda_A2"
"ASV0039";"ATTCCAGCTCCAATAGCGTATATTTAAGTTGCTGCAGTTAAAAAGCTCGTAGTTGGATTTCGGGTGGGAATGGCCGGTCCGCCGTTTCGGTGTGCACTTGCTACGCCCACCTTGCTGCCGGGGACGTGCTCTTGAGTTCACGCTCGGGACACGGAGTCGGCGAGGTTACTTTGAGTAAATTAGAGTGTTCAAAGCAGGCCTACGCTCTGAATACATTAGCATGGAATAACACGATAGGACTCTGGCCTATCTTGTTGGTCTGTAGGACCGGAGTAATGATTAAGAGGGACAGTCGGGGGCATTCGTATTTCATTGTCAGAGGTGAAATTCTTGGATTTATGAAAGACGAACTACTGCGAAAGCATTTGCCAAGGATGTTTTCATTA";"ASV0039";"Eukaryota";"Archaeplastida";"Chlorophyta";"Chlorophyta_X";"Trebouxiophyceae";"Chlorellales";"Chlorellales_X";"Picochlorum";"Picochlorum_sp."
"ASV0040";"ATTCCAGCTCTAATAGCGTATATTAAAGTTGTTGCAGTTAAAAAGCTCGTAGTCGGATGTCGGGCTCGGGCAAGCTGTCGGCCTTTGGTCGGACGGCAGGCTCGGGTCTTTCTGCCTGAGGAACCCGGTTGCTTTAACGAGCTGCCGGTGGACGCAGGTCGTTTACTTTGAAAAAATTAGAGTGTTCAAAGCAGGCTAGCGCTTGAATACATTAGCATGGAATAATGGAATAGGACTTTGGTGCTATTTTGTTGGTTTATGGGACCGAAGTAATGATTAACAGGGACAGTTGGGGCCGTTTATATTTCGTTGTCAGAGGTGAAATTCTTGGATTTACGAAAGATAAACTTCTGCGAAAGCATTCGGCAAGGATGTTTTCATCG";"ASV0040";"Eukaryota";"Cryptista";"Cryptophyta";"Cryptophyta_X";"Cryptophyceae";"Cryptomonadales";"Cryptomonadales_X";"Plagioselmis";"Plagioselmis_prolonga"
"ASV0042";"ATTCCAGCTCCAATAGCGTATATTTAAGTTGCTGCAGTTAAAAAGCTCGTAGTTGGATTTCGGATGGGATTTGCCGGTCCGCCGTTTCGGTGTGCACTGGCCAGTCCCATCTTGTTGTCGGGGACTAGCTCCTGGGCTTCACTGTCCGGGACTAGGAGCTGACGAGGTTACTTTGAGTAAATTAGAGTGTTCAAAGCAAGCCTACGCTCTGAATACATTAGCATGGAATAACATGATAGGACTCTGGCTTATCTTGTTGGTCTGTGAGACCAGAGTAATGATTAAGAGGGACAGTCGGGGGCATTCGTATTTCATTGTCAGAGGTGAAATTCTTGGATTTATGAAAGACGAACTTCTGCGAAAGCATTTGTCAAGGATGTTTTCATCG";"ASV0042";"Eukaryota";"Archaeplastida";"Chlorophyta";"Chlorophyta_X";"Chlorodendrophyceae";"Chlorodendrales";"Chlorodendraceae";"Tetraselmis";"Tetraselmis_striata"
"ASV0043";"ATTCCAGCTCTAATAGCGTATATTAAAGTTGTTGCAGTTAAAAAGCTCGTAGTCGGATGTCGGGCTCGGGCAAGCTGTCGGCCTTTGGTCGGACGGCAGGCTCGGGTCTTTCTGCCTGAGGAACCCGGTTGCTTTAACGAGCTGCCGGTGGACGCAGGTCGTTTACTTTGAAAAAATTAGAGTGTTCAAAGCAGGCTAGCGCTTGAATACATTAGCATGGAATAATGGAATAGGACTTTGGTGCTATTTTGTTGGTTTATGGGACCGAAGTAATGATTAACAGGGACAGTTGGGGCCGTTTATATTTCGTTGTCAGAGGTGAAATTCTTGGATTTACGAAAGATAAACTTCTGCGAAAGCATTCGGCAAGGATGTTTTCATTA";"ASV0043";"Eukaryota";"Cryptista";"Cryptophyta";"Cryptophyta_X";"Cryptophyceae";"Cryptomonadales";"Cryptomonadales_X";"Plagioselmis";"Plagioselmis_prolonga"
"ASV0045";"ATTCCAGCTCCAATAGCGTATATTAAAGTTGTTGCAGTTAAAAAGCTCGTAGTTGGATTTCTGGCGGGAGCGATCGGTCCTTCACTCAGTGTTGGAACCTGATTGTCTCCTACCATCCATGGAGAAAACTTGTCTGGCATTAAGTTGTCGGGTAGGCAATCTCCATCTTTTACTGTGAAAAAATTAGAGTGTTCAAAGCAGGCTTATGCCGTTGAATATATTAGCATGGAATAATAAGATAGGACTATGGTACTATTTTGTTGGTTTGTGCACCATGGTAATGATTAATAGGGACAGTTGGGGGTATTCGTATTCCATTGTCAGAGGTGAAATTCTTGGATTTATGGAAGACGAACTACTGCGAAAGCATTTACCAAGGATGTTTTCATTA";"ASV0045";"Eukaryota";"TSAR";"Stramenopiles";"Gyrista";"Coscinodiscophyceae";"Rhizosoleniales";"Rhizosoleniaceae";"Rhizosolenia";"Rhizosolenia_delicatula"
"ASV0048";"ATTCCAGCTCCAATAGCGTATATTTAAGTTGTTGCAGTTAAAAAGCTCGTAGTTGGATTTCGGGCCCAGGTGACCGGTCCGCCGTTTCGGTGTGCACTGGTTAGCTCGGTCTTTCTGCCGGGGACGCGCTCCGTCTTAATTGCCGGACGCGGAGTCGGCGATGTTACTTTGAAAAAATTAGAGTGTTCAAAGCAGGCTTACGCTCTGAATACTATAGCATGGAATAACACGATAGGACTCCGAGCCTATTTTGTTGGTCTTCGGGACCGGAGTAATGATTAAGAGGGACAGTTGGGGGCATTCGTATTACGGTGTCAGAGGTGAAATTCTTGGATTTCCGTAAGACGAACTTCTGCGAAAGCATTTGCCAAGGATGTTTTCATCA";"ASV0048";"Eukaryota";"Archaeplastida";"Chlorophyta";"Chlorophyta_X";"Chloropicophyceae";"Chloropicales";"Chloropicaceae";"Chloroparvula";"Chloroparvula_pacifica"
"ASV0050";"ATTCCAGCTCCAATAGCGTATATTTAAGTTGTTGCAGTTAAAAAGCTCGTAGTCGGATTTTGGCTGAGAACGGTCGGTCCGCCGTTAGGTGTGCACTGACTGGTCTCAGCTTCCTGGTGAGGAGGTGTGCTTTATCGCCACTTAGTCACCGTGGTTACTTTGAAAAAATTAGAGTGTTCAAAGCGGGCTTACGCTTGAATATATTAGCATGGAATAACACCATAGGACTCCTGTCCTATTTCGTTGGTCTCGGGACGGGAGTAATGATTAAGAGGAACAGTTGGGGGCATTCGTATTTCATTGTCAGAGGTGAAATTCTTGGATTTATGAAAGACGAACTTCTGCGAAAGCATTTGCCAAGGATGTTTTCATCG";"ASV0050";"Eukaryota";"Archaeplastida";"Chlorophyta";"Chlorophyta_X";"Mamiellophyceae";"Mamiellales";"Bathycoccaceae";"Ostreococcus";"Ostreococcus_lucimarinus"
"ASV0052";"ATTCCAGCTCCAGAAGCGTATATTAAAGTTGTTGCAGTTAAAACGCTCGTAGTCGGGTTTCGGGTCGGGCCGAGCGGTCTGCCGATGGGTATGCACTGTTTGGCGCGGCCTTCTTTCCGGAGACCGCGGCTACTCTTAACTGAGCGGGCGTGGGAGACGGATCGTTTACTTTGAAAAAATCAGAGTGTTTCAAGCAGGCAGCTCGCTCTTGCATGGTACAGCATGGGATGATTGAATAGGACTCCGGTGCTATTTTGTTGGTTTCGAACACCAGGAGTAATGATTAACAGGGACAGTCAGGGGCACTCGTATTCCGTCGAGAGAGGTGAAATTCTCAGACCAATGGAAGACGAACCACTGCGAAAGCATTTGCCAGGGATGTTTTCATCA";"ASV0052";"Eukaryota";"Haptista";"Haptophyta";"Haptophyta_X";"Prymnesiophyceae";"Phaeocystales";"Phaeocystaceae";"Phaeocystis";"Phaeocystis_globosa"
"ASV0053";"ATTCCAGCTCCAATAGCGTATATTTAAGTTGTTGCAGTTAAAAAGCTCGTAGTCGGATTTTGGCTGAGAACGGTCGGTCCGCCGTTAGGTGTGCACTGACTGGTCTCAGCTTCCTGGTGAGGAGGTGTGCTTTATCGCCACTTAGTCACCGTGGTTACTTTGAAAAAATTAGAGTGTTCAAAGCGGGCTTACGCTTGAATATATTAGCATGGAATAACACCATAGGACTCCTGTCCTATTTCGTTGGTCTCGGGACGGGAGTAATGATTAAGAGGAACAGTTGGGGGCATTCGTATTTCATTGTCAGAGGTGAAATTCTTGGATTTATGAAAGACGAACTTCTGCGAAAGCATTTGCCAAGGATGTTTTCATTA";"ASV0053";"Eukaryota";"Archaeplastida";"Chlorophyta";"Chlorophyta_X";"Mamiellophyceae";"Mamiellales";"Bathycoccaceae";"Ostreococcus";"Ostreococcus_lucimarinus"
"ASV0056";"ATTCCAGCTCCAATAGCGTATATTAATGTTGTTGCAGTTAAAAAGCTCGTAGTTGGATTCCTGACCTGGGGTAGCCGGTCCGCCTTGCAAAAGGTGCGCACTGAGCGGCCTCGGTCATCCTTGAGAAGAGCGGTCCTGGCATTCAGTTGTCGGGGTCGGGATTCTCGACGTTTACTGTGAAAAAATCAGAGTGTTCAACGCAGGCTTACGCCTTGAATACATTAGCATGGAATAATGAGATAGGACCTTGGCGGTCTATTTTGTTGGTTTGCACGCCGAGGTAATGATTAAAAGGGACGGTTGGGGTTCTTCGTATTCAATTGTCAGAGGTGAAATTCTTGGATTTATGGAAGACGAACTGCTGCGAAAGCGTCGAACAAGGACGTTCTCATCA";"ASV0056";"Eukaryota";"TSAR";"Stramenopiles";"Gyrista";"Pelagophyceae";"Pelagomonadales";"Pelagomonadaceae";"Pelagomonas";"Pelagomonas_calceolata"
"ASV0063";"ATTCCAGCTCTAATAGCGTATATTAAAGTTGTTGCAGTTAAAAAGCTCGTAGTCGGATGTCGGGCTCGGGCAGGCTGTCGGCTTCGGTCGGACGGCAGGCTCGGGTCTTTCTGCCTGAGGATCCCGTTGCACTTAATTGTGGGGCGTGGGGACGCAGGCCGTTTACTTTGAAAAAATTAGAGTGTTCAAAGCAGGCCTACGCTTGAATACATTAGCATGGAATAATGGAATAGGACTTTGGTGCTATTTTGTTGGTTTATGGGACCGAAGTAATGATTAACAGGGACAGTTGGGGCCGTTTATATTTCGTTGTCAGAGGTGAAATTCTTGGATTTACGAAAGATAAACTTCTGCGAAAGCATTCGGCAAGGATGTTTTCATCA";"ASV0063";"Eukaryota";"Cryptista";"Cryptophyta";"Cryptophyta_X";"Cryptophyceae";"Cryptomonadales";"Cryptomonadales_X";"Teleaulax";"Teleaulax_gracilis"
"ASV0064";"ATTCCAGCTCCAATAGCGTATATTTAAGTTGTTGCAGTTAAAAAGCTCGTAGTTGGATTTCGGGCCCAGGTGACCGGTCCGCCGTTTCGGTGTGCACTGGTTAGCTCGGTCTTTCTGCCGGGGACGCGCTCCGTCTTAATTGCCGGACGCGGAGTCGGCGATGTTACTTTGAAAAAATTAGAGTGTTCAAAGCAGGCTTACGCTCTGAATACTATAGCATGGAATAACACGATAGGACTCCGAGCCTATTTTGTTGGTCTTCGGGACCGGAGTAATGATTAAGAGGGACAGTTGGGGGCATTCGTATTACGGTGTCAGAGGTGAAATTCTTGGATTTCCGTAAGACGAACTTCTGCGAAAGCATTTGCCAAGGATGTTTTCATCG";"ASV0064";"Eukaryota";"Archaeplastida";"Chlorophyta";"Chlorophyta_X";"Chloropicophyceae";"Chloropicales";"Chloropicaceae";"Chloroparvula";"Chloroparvula_pacifica"
"ASV0071";"ATTCCAGCTCCAGAAGCGTATATTAAAGTTGTTGCAGTTAAAACGCTCGTAGTCGGGTTTCGGGTCGGGCCGAGCGGTCTGCCGATGGGTATGCACTGTTTGGCGCGGCCTTCTTTCCGGAGACCGCGGCTACTCTTAACTGAGCGGGCGTGGGAGACGGATCGTTTACTTTGAAAAAATCAGAGTGTTTCAAGCAGGCAGCTCGCTCTTGCATGGTACAGCATGGGATGATTGAATAGGACTCCGGTGCTATTTTGTTGGTTTCGAACACCAGGAGTAATGATTAACAGGGACAGTCAGGGGCACTCGTATTCCGTCGAGAGAGGTGAAATTCTCAGACCAATGGAAGACGAACCACTGCGAAAGCATTTGCCAGGGATGTTTTCATCG";"ASV0071";"Eukaryota";"Haptista";"Haptophyta";"Haptophyta_X";"Prymnesiophyceae";"Phaeocystales";"Phaeocystaceae";"Phaeocystis";"Phaeocystis_globosa"
"ASV0072";"ATTCCAGCTCCAATAGCGTATATTAATGTTGTTGCAGTTAAAAAGCTCGTAGTTGGATTCCTGACCTGGGGTAGCCGGTCCGCCTTGCAAAAGGTGCGCACTGAGCGGCCTCGGTCATCCTTGAGAAGAGCGGTCCTGGCATTCAGTTGTCGGGGTCGGGATTCTCGACGTTTACTGTGAAAAAATCAGAGTGTTCAACGCAGGCTTACGCCTTGAATACATTAGCATGGAATAATGAGATAGGACCTTGGCGGTCTATTTTGTTGGTTTGCACGCCGAGGTAATGATTAAAAGGGACGGTTGGGGTTCTTCGTATTCAATTGTCAGAGGTGAAATTCTTGGATTTATGGAAGACGAACTGCTGCGAAAGCGTCGAACAAGGACGTTCTCATCG";"ASV0072";"Eukaryota";"TSAR";"Stramenopiles";"Gyrista";"Pelagophyceae";"Pelagomonadales";"Pelagomonadaceae";"Pelagomonas";"Pelagomonas_calceolata"
"ASV0073";"ATTCCAGCTCCAATAGCGTATATTTAAGTTGTTGCAGTTAAAAAGCTCGTAGTTGGATTTCGGGCCCAGGTGACCGGTCCGCCGTTTCGGTGTGCACTGGTTAGCTCGGTCTTTCTGCCGGGGACGCGCTCCGTCTTAATTGCCGGACGCGGAGTCGGCGATGTTACTTTGAAAAAATTAGAGTGTTCAAAGCAGGCTTACGCTCTGAATACTATAGCATGGAATAACACGATAGGACTCCGAGCCTATTTTGTTGGTCTTCGGGACCGGAGTAATGATTAAGAGGGACAGTTGGGGGCATTCGTATTACGGTGTCAGAGGTGAAATTCTTGGATTTCCGTAAGACGAACTTCTGCGAAAGCATTTGCCAAGGATGTTTTCATTA";"ASV0073";"Eukaryota";"Archaeplastida";"Chlorophyta";"Chlorophyta_X";"Chloropicophyceae";"Chloropicales";"Chloropicaceae";"Chloroparvula";"Chloroparvula_pacifica"
"ASV0077";"ATTCCAGCTCCAATAGCGTATATTTAAGTTGTTGCGGTTAAAAAGCTCGTAGTTGGATTTCGGGCGTGGAGGTTCGGTCCGCCGTTTCGGTGTGCACTGTCTTTCTGCGTCTTTCTGTCGGGGACGCGCTTCTGGCCTTAATTGGCTGGGACGTGGATTCGACGAGGTTACTTTGAAAAAATTAGAGTGTTCAAAGCAAGCTAAAGCTCTGAATACATTAGCATGGAATAACGCGAGAGGACTCGGTCCTTATTTTGTTGGTCTTCAAGGATGGAGTAATGATTAAGAGGGACAGTTGGGGGCATTCGTATTTCATTGCTAGAGGTGAAATTCTTGGATTTATGAAAGACGAACTTCTGCGAAAGCATTTGCCAAGGATGTTTTCATCA";"ASV0077";"Eukaryota";"Archaeplastida";"Chlorophyta";"Chlorophyta_X";"Pyramimonadophyceae";"Pseudoscourfieldiales";"Pycnococcaceae";"Pycnococcaceae_X";"Pycnococcaceae_X_sp."
"ASV0081";"ATTCCAGCTCCAGAAGCGTATATTAAAGTTGTTGCAGTTAAAACGCTCGTAGTCGGGTTTCGGGTCGGGCCGAGCGGTCTGCCGATGGGTATGCACTGTTTGGCGCGGCCTTCTTTCCGGAGACCGCGGCTACTCTTAACTGAGCGGGCGTGGGAGACGGATCGTTTACTTTGAAAAAATCAGAGTGTTTCAAGCAGGCAGCTCGCTCTTGCATGGTACAGCATGGGATGATTGAATAGGACTCCGGTGCTATTTTGTTGGTTTCGAACACCAGGAGTAATGATTAACAGGGACAGTCAGGGGCACTCGTATTCCGTCGAGAGAGGTGAAATTCTCAGACCAATGGAAGACGAACCACTGCGAAAGCATTTGCCAGGGATGTTTTCATTA";"ASV0081";"Eukaryota";"Haptista";"Haptophyta";"Haptophyta_X";"Prymnesiophyceae";"Phaeocystales";"Phaeocystaceae";"Phaeocystis";"Phaeocystis_globosa"
"ASV0083";"ATTCCAGCTCCAATAGCGTATATTAATGTTGTTGCAGTTAAAAAGCTCGTAGTTGGATTCCTGACCTGGGGTAGCCGGTCCGCCTTGCAAAAGGTGCGCACTGAGCGGCCTCGGTCATCCTTGAGAAGAGCGGTCCTGGCATTCAGTTGTCGGGGTCGGGATTCTCGACGTTTACTGTGAAAAAATCAGAGTGTTCAACGCAGGCTTACGCCTTGAATACATTAGCATGGAATAATGAGATAGGACCTTGGCGGTCTATTTTGTTGGTTTGCACGCCGAGGTAATGATTAAAAGGGACGGTTGGGGTTCTTCGTATTCAATTGTCAGAGGTGAAATTCTTGGATTTATGGAAGACGAACTGCTGCGAAAGCGTCGAACAAGGACGTTCTCATTA";"ASV0083";"Eukaryota";"TSAR";"Stramenopiles";"Gyrista";"Pelagophyceae";"Pelagomonadales";"Pelagomonadaceae";"Pelagomonas";"Pelagomonas_calceolata"
"ASV0085";"ATTCCAGCTCCAATAGCGTATATTTAAGTTGTTGCAGTTAAAAAGCTCGTAGTTGGATTTCGGGCCCAGGTGACCGGTCCGCCGTTTCGGTGTGCACTGGTTAGCTCGGTCTTTCTGCCGGGGACGCGCTCCGTCTTGATTGCCGGACGCGGAGTCGGCGATGTTACTTTGAAAAAATTAGAGTGTTCAAAGCAGGCTTACGCTCTGAATACTATAGCATGGAATAACACGATAGGACTCCGAGCCTATTTTGTTGGTCTTCGGGACCGGAGTAATGATTAAGAGGGACAGTTGGGGGCATTCGTATTACGGTGTCAGAGGTGAAATTCTTGGATTTCCGTAAGACGAACTTCTGCGAAAGCATTTGCCAAGGATGTTTTCATCA";"ASV0085";"Eukaryota";"Archaeplastida";"Chlorophyta";"Chlorophyta_X";"Chloropicophyceae";"Chloropicales";"Chloropicaceae";"Chloroparvula";"Chloroparvula_pacifica"
"ASV0086";"ATTCCAGCTCCAATAGCGTATATTAAAGTTGTTGCAGTTAAAAAGCTCGTAGTTGGATTTCTGGTGGGAGCGATCGGTCTGGCGCTTAGCGCGAGTACTTGCATCGTCTCCGGCCATCCTTGGGGAGAGTTTGTCTGGCATTAAGTTGTCGGGCAGAGGATCCTCATCGTTTACTGTGAAAAAATTAGAGTGTTCAAAGCAGGCTTATGCCGTTGAATATATTAGCATGGAATAATAAGATAGGACTTTGGTACTATTTTGTTGGTTTGCGCACCAAAGTAATGATTAATAGGGACAGTTGGGGGTATTCGTATTCCGTTGTCAGAGGTGAAATTCTTGGATTTACGGAAGACGAACTACTGCGAAAGCATTTACCAAGGATGTTTTCATCA";"ASV0086";"Eukaryota";"TSAR";"Stramenopiles";"Gyrista";"Mediophyceae";"Cymatosirales";"Cymatosiraceae";NA;NA
"ASV0097";"ATTCCAGCTCTAATAGCGTATATTAAAGTTGTTGCAGTTAAAAAGCTCGTAGTCGGATGTCGGGCTCGGGCAGGCTGTCGGCTTCGGTCGGACGGCAGGCTCGGGTCTTTCTGCCTGAGGATCCCGTTGCACTTAATTGTGGGGCGTGGGGACGCAGGCCGTTTACTTTGAAAAAATTAGAGTGTTCAAAGCAGGCCTACGCTTGAATACATTAGCATGGAATAATGGAATAGGACTTTGGTGCTATTTTGTTGGTTTATGGGACCGAAGTAATGATTAACAGGGACAGTTGGGGCCGTTTATATTTCGTTGTCAGAGGTGAAATTCTTGGATTTACGAAAGATAAACTTCTGCGAAAGCATTCGGCAAGGATGTTTTCATCG";"ASV0097";"Eukaryota";"Cryptista";"Cryptophyta";"Cryptophyta_X";"Cryptophyceae";"Cryptomonadales";"Cryptomonadales_X";"Teleaulax";"Teleaulax_gracilis"
"ASV0101";"ATTCCAGCTCCAATAGCGTATATTAATGTTGTTGCAGTTAAAAAGCTCGTAGTTGGATTCCTGGCACGGGGTAGCCGGTCCGCCTTGCAAAAGGTGCGCACTGAGCGGCCTCGGCCATCCTTGGGAAGAGCGGTCCTGGCATTTAGTTGTCGGGGTCGGGATTCCCGACGTTTACTGTGAAAAAATCAGAGTGTTCAACGCAGGCTTACGCCTTGAATACATTAGCATGGAATAATGAGATAGGACCTTGGCGGTCTATTTTGTTGGTTTGCACGCCGAGGTAATGATTAAAAGGGACGGTTGGGGTTCTTCGTATTCAATTGTCAGAGGTGAAATTCTTGGATTTATGGAAGACGAACTGCTGCGAAAGCGTCGAACAAGGACGTTCTCATCA";"ASV0101";"Eukaryota";"TSAR";"Stramenopiles";"Gyrista";"Pelagophyceae";"Pelagomonadales";"Pelagomonadales_clade_B";NA;NA
"ASV0102";"ATTCCAGCTCCAATAGCGTATATTTAAGTTGTTGCAGTTAAAAAGCTCGTAGTTGGATTTCGGGCCCAGGTGACCGGTCCGCCGTTTCGGTGTGCACTGGTTAGCTCGGTCTTTCTGCCGGGGACGCGCTCCGTCTTGATTGCCGGACGCGGAGTCGGCGATGTTACTTTGAAAAAATTAGAGTGTTCAAAGCAGGCTTACGCTCTGAATACTATAGCATGGAATAACACGATAGGACTCCGAGCCTATTTTGTTGGTCTTCGGGACCGGAGTAATGATTAAGAGGGACAGTTGGGGGCATTCGTATTACGGTGTCAGAGGTGAAATTCTTGGATTTCCGTAAGACGAACTTCTGCGAAAGCATTTGCCAAGGATGTTTTCATCG";"ASV0102";"Eukaryota";"Archaeplastida";"Chlorophyta";"Chlorophyta_X";"Chloropicophyceae";"Chloropicales";"Chloropicaceae";"Chloroparvula";"Chloroparvula_pacifica"
"ASV0104";"ATTCCAGCTCTAATAGCGTATATTAAAGTTGTTGCAGTTAAAAAGCTCGTAGTCGGATGTCGGGCTCGGGCAGGCTGTCGGCTTCGGTCGGACGGCAGGCTCGGGTCTTTCTGCCTGAGGATCCATCTCATTCACTTGGGGTGGGGACGCAGGCCGTTTACTTTGAAAAAATTAGAGTGTTCAAAGCAGGCCTACGCTTGAATACATTAGCATGGAATAATGGAATAGGACTTTGGTGCTATTTTGTTGGTTTATGGGACCGAAGTAATGATTAACAGGGACAGTTGGGGCCGTTTATATTTCGTTGTCAGAGGTGAAATTCTTGGATTTACGAAAGATAAACTTCTGCGAAAGCATTCGGCAAGGATGTTTTCATCA";"ASV0104";"Eukaryota";"Cryptista";"Cryptophyta";"Cryptophyta_X";"Cryptophyceae";"Cryptomonadales";"Cryptomonadales_X";"Teleaulax";"Teleaulax_sp."
"ASV0107";"ATTCCAGCTCTAATAGCGTATATTAAAGTTGTTGCAGTTAAAAAGCTCGTAGTCGGATGTCGGGCTCGGGCAGGCTGTCGGCTTCGGTCGGACGGCAGGCTCGGGTCTTTCTGCCTGAGGATCCCGTTGCACTTAATTGTGGGGCGTGGGGACGCAGGCCGTTTACTTTGAAAAAATTAGAGTGTTCAAAGCAGGCCTACGCTTGAATACATTAGCATGGAATAATGGAATAGGACTTTGGTGCTATTTTGTTGGTTTATGGGACCGAAGTAATGATTAACAGGGACAGTTGGGGCCGTTTATATTTCGTTGTCAGAGGTGAAATTCTTGGATTTACGAAAGATAAACTTCTGCGAAAGCATTCGGCAAGGATGTTTTCATTA";"ASV0107";"Eukaryota";"Cryptista";"Cryptophyta";"Cryptophyta_X";"Cryptophyceae";"Cryptomonadales";"Cryptomonadales_X";"Teleaulax";"Teleaulax_gracilis"
"ASV0118";"ATTCCAGCTCCAATAGCGTATATTTAAGTTGTTGCAGTTAAAAAGCTCGTAGTTGGATTTCGGGCCCAGGTGACCGGTCCGCCGTTTCGGTGTGCACTGGTTAGCTCGGTCTTTCTGCCGGGGACGCGCTCCGTCTTGATTGCCGGACGCGGAGTCGGCGATGTTACTTTGAAAAAATTAGAGTGTTCAAAGCAGGCTTACGCTCTGAATACTATAGCATGGAATAACACGATAGGACTCCGAGCCTATTTTGTTGGTCTTCGGGACCGGAGTAATGATTAAGAGGGACAGTTGGGGGCATTCGTATTACGGTGTCAGAGGTGAAATTCTTGGATTTCCGTAAGACGAACTTCTGCGAAAGCATTTGCCAAGGATGTTTTCATTA";"ASV0118";"Eukaryota";"Archaeplastida";"Chlorophyta";"Chlorophyta_X";"Chloropicophyceae";"Chloropicales";"Chloropicaceae";"Chloroparvula";"Chloroparvula_pacifica"
"ASV0120";"ATTCCAGCTCCAATAGCGTATATTTAAGTTGTTGCGGTTAAAAAGCTCGTAGTTGGATTTCGGGCGTGGAGGTTCGGTCCGCCGTTTCGGTGTGCACTGTCTTTCTGCGTCTTTCTGTCGGGGACGCGCTTCTGGCCTTAATTGGCTGGGACGTGGATTCGACGAGGTTACTTTGAAAAAATTAGAGTGTTCAAAGCAAGCTAAAGCTCTGAATACATTAGCATGGAATAACGCGAGAGGACTCGGTCCTTATTTTGTTGGTCTTCAAGGATGGAGTAATGATTAAGAGGGACAGTTGGGGGCATTCGTATTTCATTGCTAGAGGTGAAATTCTTGGATTTATGAAAGACGAACTTCTGCGAAAGCATTTGCCAAGGATGTTTTCATCG";"ASV0120";"Eukaryota";"Archaeplastida";"Chlorophyta";"Chlorophyta_X";"Pyramimonadophyceae";"Pseudoscourfieldiales";"Pycnococcaceae";"Pycnococcaceae_X";"Pycnococcaceae_X_sp."
"ASV0127";"ATTCCAGCTCCAATAGCGTATATTTAAGTTGTTGCGGTTAAAAAGCTCGTAGTTGGATTTCGGGCGTGGAGGTTCGGTCCGCCGTTTCGGTGTGCACTGTCTTTCTGCGTCTTTCTGTCGGGGACGCGCTTCTGGCCTTAATTGGCTGGGACGTGGATTCGACGAGGTTACTTTGAAAAAATTAGAGTGTTCAAAGCAAGCTAAAGCTCTGAATACATTAGCATGGAATAACGCGAGAGGACTCGGTCCTTATTTTGTTGGTCTTCAAGGATGGAGTAATGATTAAGAGGGACAGTTGGGGGCATTCGTATTTCATTGCTAGAGGTGAAATTCTTGGATTTATGAAAGACGAACTTCTGCGAAAGCATTTGCCAAGGATGTTTTCATTA";"ASV0127";"Eukaryota";"Archaeplastida";"Chlorophyta";"Chlorophyta_X";"Pyramimonadophyceae";"Pseudoscourfieldiales";"Pycnococcaceae";"Pycnococcaceae_X";"Pycnococcaceae_X_sp."
"ASV0134";"ATTCCAGCTCCAATAGCGTATATTAATGTTGTTGCAGTTAAAAAGCTCGTAGTTGGATTCCTGGCACGGGGTAGCCGGTCCGCCTTGCAAAAGGTGCGCACTGAGCGGCCTCGGCCATCCTTGGGAAGAGCGGTCCTGGCATTTAGTTGTCGGGGTCGGGATTCCCGACGTTTACTGTGAAAAAATCAGAGTGTTCAACGCAGGCTTACGCCTTGAATACATTAGCATGGAATAATGAGATAGGACCTTGGCGGTCTATTTTGTTGGTTTGCACGCCGAGGTAATGATTAAAAGGGACGGTTGGGGTTCTTCGTATTCAATTGTCAGAGGTGAAATTCTTGGATTTATGGAAGACGAACTGCTGCGAAAGCGTCGAACAAGGACGTTCTCATCG";"ASV0134";"Eukaryota";"TSAR";"Stramenopiles";"Gyrista";"Pelagophyceae";"Pelagomonadales";"Pelagomonadales_clade_B";"Pelagomonadales_clade_B1";"Pelagomonadales_clade_B1_sp."
"ASV0135";"ATTCCAGCTCCAATAGCGTATATTAAAGTTGTTGCAGTTAAAAAGCTCGTAGTTGGATTTCTGGTGGGAGCGATCGGTCTGGCGCTTAGCGCGAGTACTTGCATCGTCTCCGGCCATCCTTGGGGAGAGTTTGTCTGGCATTAAGTTGTCGGGCAGAGGATCCTCATCGTTTACTGTGAAAAAATTAGAGTGTTCAAAGCAGGCTTATGCCGTTGAATATATTAGCATGGAATAATAAGATAGGACTTTGGTACTATTTTGTTGGTTTGCGCACCAAAGTAATGATTAATAGGGACAGTTGGGGGTATTCGTATTCCGTTGTCAGAGGTGAAATTCTTGGATTTACGGAAGACGAACTACTGCGAAAGCATTTACCAAGGATGTTTTCATTA";"ASV0135";"Eukaryota";"TSAR";"Stramenopiles";"Gyrista";"Mediophyceae";"Cymatosirales";"Cymatosiraceae";NA;NA
"ASV0142";"ATTCCAGCTCTAATAGCGTATATTAAAGTTGTTGCAGTTAAAAAGCTCGTAGTCGGATGTCGGGCTCGGGCAGGCTGTCGGCTTCGGTCGGACGGCAGGCTCGGGTCTTTCTGCCTGAGGATCCATCTCATTCACTTGGGGTGGGGACGCAGGCCGTTTACTTTGAAAAAATTAGAGTGTTCAAAGCAGGCCTACGCTTGAATACATTAGCATGGAATAATGGAATAGGACTTTGGTGCTATTTTGTTGGTTTATGGGACCGAAGTAATGATTAACAGGGACAGTTGGGGCCGTTTATATTTCGTTGTCAGAGGTGAAATTCTTGGATTTACGAAAGATAAACTTCTGCGAAAGCATTCGGCAAGGATGTTTTCATCG";"ASV0142";"Eukaryota";"Cryptista";"Cryptophyta";"Cryptophyta_X";"Cryptophyceae";"Cryptomonadales";"Cryptomonadales_X";"Teleaulax";"Teleaulax_sp."
"ASV0143";"ATTCCAGCTCCAATAGCGTATATTAAAGTTGTTGCAGTTAAAAAGCTCGTAGTTGGATTTCTGGCAGGAGCGACCGGTCACGCACTCTGTGCGTGAACTTGTGTTGTCTCTGGCCATCCTCGGGGAGATCCTGTTTGGCATTAAGTTGTCGGGCAGGGGATACCCGTCGTTTACTGTGAAAAAATTAGAGTGTTTAAAGCAGGCTTATGCCGTTGAATATATTAGCATGGAATAATAAGATAGGACTTCGGAACTATTTTGTTGGTTTGCGTTACGAAGTAATGATTAATAGGGACAGTTGGGGGTATTCGTATTTCGTTGTCAGAGGTGAAATTCTTGGATTTCCGAAAGACGAACTACTGCGAAAGCATTTACCAAGGATGTTTTCATCA";"ASV0143";"Eukaryota";"TSAR";"Stramenopiles";"Gyrista";"Mediophyceae";"Thalassiosirales";"Thalassiosiraceae";"Thalassiosira";NA
"ASV0145";"ATTCCAGCTCCAATAGCGTATATTAATGTTGTTGCAGTTAAAAAGCTCGTAGTTGGATTCCTGGCACGGGGTAGCCGGTCCGCCTTGCAAAAGGTGCGCACTGAGCGGCCTCGGCCATCCTTGGGAAGAGCGGTCCTGGCATTTAGTTGTCGGGGTCGGGATTCCCGACGTTTACTGTGAAAAAATCAGAGTGTTCAACGCAGGCTTACGCCTTGAATACATTAGCATGGAATAATGAGATAGGACCTTGGCGGTCTATTTTGTTGGTTTGCACGCCGAGGTAATGATTAAAAGGGACGGTTGGGGTTCTTCGTATTCAATTGTCAGAGGTGAAATTCTTGGATTTATGGAAGACGAACTGCTGCGAAAGCGTCGAACAAGGACGTTCTCATTA";"ASV0145";"Eukaryota";"TSAR";"Stramenopiles";"Gyrista";"Pelagophyceae";"Pelagomonadales";"Pelagomonadales_clade_B";NA;NA
"ASV0147";"ATTCCAGCTCTAATAGCGTATATTAAAGTTGTTGCAGTTAAAAAGCTCGTAGTCGGATGTCGGGCTCGGGCAGGCTGTCGGCTTCGGTCGGACGGCAGGCTCGGGTCTTTCTGCCTGAGGATCCATCTCATTCACTTGGGGTGGGGACGCAGGCCGTTTACTTTGAAAAAATTAGAGTGTTCAAAGCAGGCCTACGCTTGAATACATTAGCATGGAATAATGGAATAGGACTTTGGTGCTATTTTGTTGGTTTATGGGACCGAAGTAATGATTAACAGGGACAGTTGGGGCCGTTTATATTTCGTTGTCAGAGGTGAAATTCTTGGATTTACGAAAGATAAACTTCTGCGAAAGCATTCGGCAAGGATGTTTTCATTA";"ASV0147";"Eukaryota";"Cryptista";"Cryptophyta";"Cryptophyta_X";"Cryptophyceae";"Cryptomonadales";"Cryptomonadales_X";"Teleaulax";"Teleaulax_sp."
"ASV0190";"ATTCCAGCTCCAATAGCGTATACTAAAGTTGTTGCAGTTAAAAAGCTCGTAGTCGAATGAAGGTTTCTTGTATAGCGCGGACGTCTAGGTGTAACTTAGATTAGTTTGCGCACAAGAACCTCCCTTGTGTGTCTCAGAGGAGCAAATATTTATTTATTTTGATCCATTTGCGACACACACATTACTGTGAACAAAATAGAGTGTTCATGGCAGGTCAATTTAGGCTTGAATACCTCAGCATGGAATAATAGAATAGGACTTCCGGTTCTATTTTGTTGGTTTTTGGAGCCGAAGTAATGATTAATAGGGATAGTTGGGGGCACTCGTACTCCGTTGTCAGAGGTGAAATTCTAGGATTGACGGAAGACGAACAACTGCGAAAGCATCTGCCAAGGATGTTTTCATCA";"ASV0190";"Eukaryota";"Cryptista";"Cryptophyta";"Cryptophyta_X";"Cryptophyceae";"Cryptomonadales";"Cryptomonadales_X";"Teleaulax";"Teleaulax_amphioxeia"
"ASV0206";"ATTCCAGCTCTAATAGCGTATATTAATGTTGTTGCAGTTAAAAAGCTCGTAGTTGGATTTTGGTGTTTGACAAATGGTCTGCCTTCGGGTCTGCACTGTTTGTTGGCACTTCTTTTCTGGGGAACTCACTGCTCTTAATTGAGGGGTGCTGTAACGCAGATCGTTTACTTTGAAAAAATTAGAGTGTTCAAAGCAGGCCAACGCATTGAATACATTAGCATGGAATAATGGAATAGGACTTTGGTCTTATTTTGTTGGTTTCTAAGGCCGAGGTAATGATTAATAGGGATAGTTGGGGGCGTTTATATTCCGTTGTCAGAGGTGAAATTCTTGGATTTACGGAAGATAAACTACTGCGAAAGCATTCGCCAAGGATGTTTTCATCA";"ASV0206";"Eukaryota";"Cryptista";"Kathablepharidacea";"Kathablepharida";"Kathablepharidea";"Kathablepharidida";"Kathablepharidida_X";"Kathablepharidida_XX";"Kathablepharidida_XX_sp."
"ASV0210";"ATTCCAGCTCCAATAGCGTATATTAATGTTGTTGCAGTTAAAAAGCTCGTAGTTGGATTCCTGGCACGGGGTAGCCGGTCCGCCTTGCAAAAGGTGCGCACTGAGCGGCCTCGGCCATCCTTGCGATGGTCTATCCTGGCATTCAGTTGTCGGGGTGGGGATTCGCGACGTTTACTGTGAAAAAATCAGAGTGTTCAACGCAGGCTTACGCCTTGAATACATTAGCATGGAATAATGAGATAGGACCTTGGCGGTCTATTTTGTTGGTTTGCACGCCGAGGTAATGATTAAAAGGGACGGTTGGGGTTCTTCGTATTCAATTGTCAGAGGTGAAATTCTTGGATTTATGGAAGACGAACTGCTGCGAAAGCGTCGAACAAGGACGTTCTCATCA";"ASV0210";"Eukaryota";"TSAR";"Stramenopiles";"Gyrista";"Pelagophyceae";"Pelagomonadales";"Pelagomonadaceae";"Aureococcus";"Aureococcus_anophagefferens"
"ASV0223";"ATTCCAGCTCCAATAGCGTATATTAATGTTGTTGCAGTTAAAAAGCTCGTAGTTGGATTCCTGGCACGGGGTAGCCGGTCCGCCTTGCAAAAGGTGCGCACTGAGCGGCCTCGGCCATCCTTGGGAAGAGCGGTCCTGGCATTTAGTTGTCGGGGTCGGGATTCCCGACGTTTACTGTGAAAAAATCAGAGTGTTCAACGCAGGCTTACGCCTTGAATACATTAGCATGGAATAATGAGATAGGACCTTGGCGGTCTATTTTGTTGGTTTGCACGCCGAGGTAATGATTAAAAGGGACGGTTGGGGTTCTTCGTATTCAATTGTCAGAGGTGAAATTCTTGGATTTATGGAAGACGAACTGCTGCGAAAGCGTCGAACAAGGACGTTCTCATTG";"ASV0223";"Eukaryota";"TSAR";"Stramenopiles";"Gyrista";"Pelagophyceae";"Pelagomonadales";"Pelagomonadales_clade_B";NA;NA
"ASV0238";"ATTCCAGCTCCAATAGCGTATATTAAAGTTGTTGCAGTTAAAAAGCTCGTAGTTGGATTTCTGGCAGGAGCGACCGGTCACGCACTCTGTGCGTGAACTTGTGTTGTCTCTGGCCATCCTCGGGGAGATCCTGTTTGGCATTAAGTTGTCGGGCAGGGGATACCCGTCGTTTACTGTGAAAAAATTAGAGTGTTTAAAGCAGGCTTATGCCGTTGAATATATTAGCATGGAATAATAAGATAGGACTTCGGAACTATTTTGTTGGTTTGCGTTACGAAGTAATGATTAATAGGGACAGTTGGGGGTATTCGTATTTCGTTGTCAGAGGTGAAATTCTTGGATTTCCGAAAGACGAACTACTGCGAAAGCATTTACCAAGGATGTTTTCATCG";"ASV0238";"Eukaryota";"TSAR";"Stramenopiles";"Gyrista";"Mediophyceae";"Thalassiosirales";"Thalassiosiraceae";"Thalassiosira";NA
"ASV0261";"ATTCCAGCTCCAATAGCGTATATTAATGTTGTTGCAGTTAAAAAGCTCGTAGTTGGATTCCTGGCACGGGGTAGCCGGTCCGCCTTGCAAAAGGTGCGCACTGAGCGGCCTCGGCCATCCTTGCGATGGTCTATCCTGGCATTCAGTTGTCGGGGTGGGGATTCGCGACGTTTACTGTGAAAAAATCAGAGTGTTCAACGCAGGCTTACGCCTTGAATACATTAGCATGGAATAATGAGATAGGACCTTGGCGGTCTATTTTGTTGGTTTGCACGCCGAGGTAATGATTAAAAGGGACGGTTGGGGTTCTTCGTATTCAATTGTCAGAGGTGAAATTCTTGGATTTATGGAAGACGAACTGCTGCGAAAGCGTCGAACAAGGACGTTCTCATCG";"ASV0261";"Eukaryota";"TSAR";"Stramenopiles";"Gyrista";"Pelagophyceae";"Pelagomonadales";"Pelagomonadaceae";"Aureococcus";"Aureococcus_anophagefferens"
"ASV0270";"ATTCCAGCTCCAATAGCGTATATTTAAGTTGTTGCAGTTAAAAAGCTCGTAGTTGGATTTCGGGTGTGAACGGCCGGTCCGTCTTTGATGTGTACTGGTTGGTTGCGCCTTATTGTCGAGGACATGTTCTGGCTTTCATTAGCTGGACATGGAGTCGGCAGCGTTACTTTGAGAAAATTAGAGTGTTCAAAGCAGGCTATCGCTCTGAATACTACAGCATGGAATAACACGATAGGACTCCGAGCCTATTCTGTTGGTCTTCGGGACCGGAGTAATGATTAAGAGGGACAGTTGGGGGCATTCGTATTCCGATGTCAGAGGTGAAATTCTTGGATTATCGGAAGACGAACATCTGCGAAAGCATTTGCCAAGGATGTTTTCATCA";"ASV0270";"Eukaryota";"Archaeplastida";"Chlorophyta";"Chlorophyta_X";"Chloropicophyceae";"Chloropicales";"Chloropicaceae";"Chloropicon";"Chloropicon_laureae"
"ASV0273";"ATTCCAGCTCCAATAGCGTATATTTAAGTTGTTGCAGTTAAAAAGCTCGTAGTTGGATTTCGGGCGAGGTTGGCCGGTCCTCCGTTTCGGTGTGTACTGGCTGGTTTCGTCTTTTTGTCGAGGACGCGCTTCTGGCCTTTATTGGTCGGGACGCGGAGTCGGCGCAGTTACTTTGAAAAAATTAGAGTGTTCAAAGCGGGCATACGCTTGAATATATTAGCATGGAATAACACGATAGGACTTCTGTTCTATTTTGTTGGTCTTCGGAACGGGAGTAATGATTAAGAGGAACAGTTGGGGGCATTCGTATTTCATTGTCAGAGGTGAAATTCTTGGATTTATGAAAGACGAACTTCTGCGAAAGCATTTGCCAAGGATGTTTTCATCA";"ASV0273";"Eukaryota";"Archaeplastida";"Chlorophyta";"Chlorophyta_X";"Mamiellophyceae";"Dolichomastigales";"Crustomastigaceae";"Crustomastigaceae_X";"Crustomastigaceae_X_sp."
"ASV0277";"ATTCCAGCTCCAATAGCGTATATTAATGTTGTTGCAGTTAAAAAGCTCGTAGTTGGATTCCTGGCACGGGGTAGCCGGTCCGCCTTGCAAAAGGTGCGCACTGAGCGGCCTCGGCCATCCTTGCGATGGTCTATCCTGGCATTCAGTTGTCGGGGTGGGGATTCGCGACGTTTACTGTGAAAAAATCAGAGTGTTCAACGCAGGCTTACGCCTTGAATACATTAGCATGGAATAATGAGATAGGACCTTGGCGGTCTATTTTGTTGGTTTGCACGCCGAGGTAATGATTAAAAGGGACGGTTGGGGTTCTTCGTATTCAATTGTCAGAGGTGAAATTCTTGGATTTATGGAAGACGAACTGCTGCGAAAGCGTCGAACAAGGACGTTCTCATTA";"ASV0277";"Eukaryota";"TSAR";"Stramenopiles";"Gyrista";"Pelagophyceae";"Pelagomonadales";"Pelagomonadaceae";"Aureococcus";"Aureococcus_anophagefferens"
"ASV0279";"ATTCCAGCTCCAATAGCGTATATTTAAGTTGTTGCAGTTAAAAAGCTCGTAGTTGGATTTCGGGCCCAGGTGACCGGTCCGCCGTTTCGGTGTGCACTGGTTAGCTCGGTCTTTCTGCCGGGGACACGCTCCGTCTTAATTGCCGGACGTGGAGTCGGCGATGTTACTTTGAAAAAATTAGAGTGTTCAAAGCAGGCTTACGCTCTGAATACTATAGCATGGAATAACACGATAGGACTCCGAGCCTATTTTGTTGGTCTTCGGGACCGGAGTAATGATTAAGAGGGACAGTTGGGGGCATTCGTATTACGGTGTCAGAGGTGAAATTCTTGGATTTCCGTAAGACGAACTTCTGCGAAAGCATTTGCCAAGGATGTTTTCATCA";"ASV0279";"Eukaryota";"Archaeplastida";"Chlorophyta";"Chlorophyta_X";"Chloropicophyceae";"Chloropicales";"Chloropicaceae";"Chloroparvula";"Chloroparvula_pacifica"
"ASV0315";"ATTCCAGCTCCAATAGCGTATATTAAAGTTGTTGCAGTTAAAAAGCTCGTAGTTGAATTTCTGGTGGGAGCGATCGGTCCATCCTTCACTGGTTGGAACCTGATTGTCTCCCGCCATCCATGGAGAGAACTTATCTGGCATTAAGTTGTCGGGTTGGCAATCTTCATCTTTTACTGTGAAAAAATTAGAGTGTTCAAAGCAGGCTTATGCCGTTGAATATATTAGCATGGAATAATAAGATAGGACTATGGTACTATTTTGTTGGTTTGTGCACCATGGTAATGATTAATAGGGACAGTTGGGGGTATTCGTATTCCATTGTCAGAGGTGAAATTCTTGGATTTATGGAAGACGAACTACTGCGAAAGCATTTACCAAGGATGTTTTCATCA";"ASV0315";"Eukaryota";"TSAR";"Stramenopiles";"Gyrista";"Coscinodiscophyceae";"Rhizosoleniales";"Rhizosoleniaceae";"Guinardia";"Guinardia_delicatula"
"ASV0325";"ATTCCAGCTCCAATAGCGTATACTAAAGTTGTTGCAGTTAAAAAGCTCGTAGTCGAATGAAGGTTTCTTGTATAGCGCGGACGTCTAGGTGTAACTTAGATTAGTTTGCGCACAAGAACCTCCCTTGTGTGTCTCAGAGGAGCAAATATTTATTTATTTTGATCCATTTGCGACACACACATTACTGTGAACAAAATAGAGTGTTCATGGCAGGTCAATTTAGGCTTGAATACCTCAGCATGGAATAATAGAATAGGACTTCCGGTTCTATTTTGTTGGTTTTTGGAGCCGAAGTAATGATTAATAGGGATAGTTGGGGGCACTCGTACTCCGTTGTCAGAGGTGAAATTCTAGGATTGACGGAAGACGAACAACTGCGAAAGCATCTGCCAAGGATGTTTTCATCG";"ASV0325";"Eukaryota";"Cryptista";"Cryptophyta";"Cryptophyta_X";"Cryptophyceae";"Cryptomonadales";"Cryptomonadales_X";"Teleaulax";"Teleaulax_amphioxeia"
"ASV0349";"ATTCCAGCTCCAATAGCGTATACTAAAGTTGTTGCAGTTAAAAAGCTCGTAGTCGAATGAAGGTTTCTTGTATAGCGCGGACGTCTAGGTGTAACTTAGATTAGTTTGCGCACAAGAACCTCCCTTGTGTGTCTCAGAGGAGCAAATATTTATTTATTTTGATCCATTTGCGACACACACATTACTGTGAACAAAATAGAGTGTTCATGGCAGGTCAATTTAGGCTTGAATACCTCAGCATGGAATAATAGAATAGGACTTCCGGTTCTATTTTGTTGGTTTTTGGAGCCGAAGTAATGATTAATAGGGATAGTTGGGGGCACTCGTACTCCGTTGTCAGAGGTGAAATTCTAGGATTGACGGAAGACGAACAACTGCGAAAGCATCTGCCAAGGATGTTTTCATTA";"ASV0349";"Eukaryota";"Cryptista";"Cryptophyta";"Cryptophyta_X";"Cryptophyceae";"Cryptomonadales";"Cryptomonadales_X";"Teleaulax";"Teleaulax_amphioxeia"
"ASV0382";"ATTCCAGCTCTAATAGCGTATATTAATGTTGTTGCAGTTAAAAAGCTCGTAGTTGGATTTTGGTGTTTGACAAATGGTCTGCCTTCGGGTCTGCACTGTTTGTTGGCACTTCTTTTCTGGGGAACTCACTGCTCTTAATTGAGGGGTGCTGTAACGCAGATCGTTTACTTTGAAAAAATTAGAGTGTTCAAAGCAGGCCAACGCATTGAATACATTAGCATGGAATAATGGAATAGGACTTTGGTCTTATTTTGTTGGTTTCTAAGGCCGAGGTAATGATTAATAGGGATAGTTGGGGGCGTTTATATTCCGTTGTCAGAGGTGAAATTCTTGGATTTACGGAAGATAAACTACTGCGAAAGCATTCGCCAAGGATGTTTTCATCG";"ASV0382";"Eukaryota";"Cryptista";"Kathablepharidacea";"Kathablepharida";"Kathablepharidea";"Kathablepharidida";"Kathablepharidida_X";"Kathablepharidida_XX";"Kathablepharidida_XX_sp."
"ASV0395";"ATTCCAGCTCTAATAGCGTATATTAATGTTGTTGCAGTTAAAAAGCTCGTAGTTGGATTTTGGTGTTTGACAAATGGTCTGCCTTCGGGTCTGCACTGTTTGTTGGCACTTCTTTTCTGGGGAACTCACTGCTCTTAATTGAGGGGTGCTGTAACGCAGATCGTTTACTTTGAAAAAATTAGAGTGTTCAAAGCAGGCCAACGCATTGAATACATTAGCATGGAATAATGGAATAGGACTTTGGTCTTATTTTGTTGGTTTCTAAGGCCGAGGTAATGATTAATAGGGATAGTTGGGGGCGTTTATATTCCGTTGTCAGAGGTGAAATTCTTGGATTTACGGAAGATAAACTACTGCGAAAGCATTCGCCAAGGATGTTTTCATTA";"ASV0395";"Eukaryota";"Cryptista";"Kathablepharidacea";"Kathablepharida";"Kathablepharidea";"Kathablepharidida";"Kathablepharidida_X";"Kathablepharidida_XX";"Kathablepharidida_XX_sp."
"ASV0403";"ATTCCAGCTCCAATAGCGTATATTAATGTTGTTGCAGTTAAAAAGCTCGTAGTTGGATTCCTGGCACGGGGTAGCCGGTCCGCCTTGCAAAAGGTGCGCACTGAGCGGCCTCGGCCATCCTTGCGATGGTCTATCCTGGCATTCAGTTGTCGGGGTGGGGATTCGCGACGTTTACTGTGAAAAAATCAGAGTGTTCAACGCAGGCTTACGCCTTGAATACATTAGCATGGAATAATGAGATAGGACCTTGGCGGTCTATTTTGTTGGTTTGCACGCCGAGGTAATGATTAAAAGGGACGGTTGGGGTTCTTCGTATTCAATTGTCAGAGGTGAAATTCTTGGATTTATGGAAGACGAACTGCTGCGAAAGCGTCGAACAAGGACGTTCTCATTG";"ASV0403";"Eukaryota";"TSAR";"Stramenopiles";"Gyrista";"Pelagophyceae";"Pelagomonadales";"Pelagomonadaceae";"Aureococcus";"Aureococcus_anophagefferens"
"ASV0425";"ATTCCAGCTCCAATAGCGTATATTAAAGTTGTTGCAGTTAAAAAGCTCGTAGTTGGATTTCTGGTGGGAGCGTTGGGTCGGCCCTAAGGGCTCGTACTCAAATGTTTTCCGCCATCCTTGGAGGGATGTTGTCTGGCATTAAGTTGTCGGGCTTCCGATCTCCATCGTTTACTGTGAAAAAATTAGAGTGTTCAAAGCAGGCTTACGCCGTTGAATACATTAGCATGGAATAATAAGATAGGACCCTGGTACTATTTTGTTGGTTTGCGTACCTAGGTAATGATTAATAGGGACAGTTGGGGGTATTCGTATTCCGTTGTCAGAGGTGAAATTCTTGGATTTACGGAAGACGAACTACTGCGAAAGCATTTACCAAGGATGTTTTCATCA";"ASV0425";"Eukaryota";"TSAR";"Stramenopiles";"Gyrista";"Bolidophyceae";"Parmales";"Parmales_env_3";"Parmales_env_3B";"Parmales_env_3B_sp."
"ASV0442";"ATTCCAGCTCCAATAGCGTATACTAAAGTTGTTGCAGTTAAAAAGCTCGTAGTCGAATTCAGACCCGTGTGCGCGGATCGGCTTATCATGGCCCTTGGCGCGCCAGGTCTACTTTTGTCGTTGCGAAGTCTGCTCTTTTGTGGAGGAGACTCGTGAAGCGACATTTTTTACTGTGAACAAAATAGAGTGTTCATGGCAGGCCTTTAGCAAGGCTTAAATACCTCAGCATGGAATAATAGAATAGGACTTCCGGTTCTATTTTGTTGGTTTTTAGAGCCGAAGTAATGATTAATAGGGATAGTTGGGGGCACTCGTACTCCGTTGCCAGAGGTGAAATTCTTGGATTTACGGAAGACGAACAACTGCGAAAGCATCTGCCAAGGATGTTTTCATCA";"ASV0442";"Eukaryota:nucl";"Cryptista:nucl";"Cryptophyta:nucl";"Cryptophyta_X:nucl";"Cryptophyceae:nucl";"Pyrenomonadales:nucl";"Pyrenomonadaceae:nucl";"Rhodomonas:nucl";"Rhodomonas_sp.:nucl"
"ASV0452";"ATTCCAGCTCCAATAGCGTATACTAAAGTTGTTGCAGTTAAAAAGCTCGTAGTTGAATTTCTGGATGCGAAAGATGGTCGGCACCTCACGGTGTCTGTACTTTTCATTCGCGTCCATCCTCGGGAGGAACGTGTGGGGCTTTAAGTAGTTCTGCTCGGGAATCTCGTCATTTACTGTGAGCAAAATAGAGTGTTCAAAGCAGGCTTATGCCGTTGAATATATTAGCATGGAATAATAAGATACGACTTTGGTCTATTTTGTTGGTTTGCATTCCAAAGTAATGATTAATAGGGATAGTTGGGGGTATTCGTATTCAATTGTCAGAGGTGAAATTCTTGGATTTATGGAAGACGAACTACTGCGAAAGCATTTACCAAGGATGTTTTCATCA";"ASV0452";"Eukaryota";"TSAR";"Stramenopiles";"Gyrista";"Chrysophyceae";"Chrysophyceae_Clade-EC2H";"Chrysophyceae_Clade-EC2H_X";"Chrysophyceae_Clade-EC2H_XX";"Chrysophyceae_Clade-EC2H_XX_sp."
"ASV0456";"ATTCCAGCTCCAATAGCGTATATTTAAGTTGTTGCAGTTAAAAAGCTCGTAGTTGGATTTCGGATGGGATCTGCCGGTCCGCCTTTGAGGTGTGTACTGGTAGGTCCTATCTTGTTGTCGGGGACTAGCTCCTGGGCTTCACTGTCCGGGACTAGGAGCCGACGAAGTTACTTTGAGTAAATTAGAGTGTTCAAAGCAAGCCTACGCTCTGAATATATTAGCATGGAATAACACGATAGGACTCTGGCTTATCTTGTTGGTCTGTGAGACCAGAGTAATGATTAAGAGGGACAGTCGGGGACATTCGTATTTCATTGTCAGAGGTGAAATTCTTGGATTTATGAAAGACGAACTTCTGCGAAAGCATTTGTCAAGGATGTTTTCATCG";"ASV0456";"Eukaryota";"Archaeplastida";"Chlorophyta";"Chlorophyta_X";"Chlorodendrophyceae";"Chlorodendrales";"Chlorodendraceae";"Chlorodendrales_XX";"Chlorodendrales_X_sp."
"ASV0462";"ATTCCAGCTCCAATAGCGTATATTAAAGTTGTTGCAGTTAAAAAGCTCGTAGTTGGATTTGTGGTGTACTTCGGCGGCCCGTCACTATGTGATGGAGCTTGCTGAAGTCGCCATCCTTGGGTGGATCCTGTGTGGCATTAAGTTGTCGTGCAGGGGATGCCCATCGTTTACTGTGAAAAAATTAGAGTGTTCAAAGCAGGCTTATGCCGTTGAATATATTAGCATGGAATAATAAGATAGGACCTTGGTACTATTTTGTTGGTTTGCGCACCAAGGTAATGATTAATAGGGACAGTTGGGGGTATTCGTATTTCATTGTCAGAGGTGAAATTCTTGGATTTTTGAAAGACGAACTACTGCGAAAGCATTTACCAAGGATGTTTTCATCA";"ASV0462";"Eukaryota";"TSAR";"Stramenopiles";"Gyrista";"Bacillariophyceae";"Bacillariales";"Bacillariaceae";"Cylindrotheca";"Cylindrotheca_closterium"
"ASV0501";"ATTCCAGCTCCAATAGCGTATACTAAAGTTGTTGCAGTTAAAAAGCTCGTAGTTGAATTTCTGGTCGTGGCGACCGGTCCGCCCCTCACGGGGTGTGCACCTGGTCTCTGCGTCCATCCTCGGGGAGAGCGCGTCTGGCATTCAGTTGTCGGGCGCGGGATCCTCGTCATTTACTGTGAGCAAAATAGAGTGTTCAAAGCAGGCTTAGGCCGTTGAATACATTAGCATGGAATAATAAGATAGGACCTTGGTCTATTTTGTTGGTTTGCATTCCAAGGTAATGATTAATAGGGATAGTTGGGGGTATTCGTATTCAATTGTCAGAGGTGAAATTCTTGGATTTATGGAAGACGAACTACTGCGAAAGCATTTACCAAGGATGTTTTCATCA";"ASV0501";"Eukaryota";"TSAR";"Stramenopiles";"Gyrista";"Chrysophyceae";"Paraphysomonadales";"Paraphysomonadaceae";"Paraphysomonas";"Paraphysomonas_sp."
"ASV0510";"ATTCCAGCTCCAATAGCGTATATTTAAGTTGTTGCAGTTAAAAAGCTCGTAGTTGGATTTCGGGCGAGGTTGGCCGGTCCTCCGTTTCGGTGTGTACTGGCTGGTTTCGTCTTTTTGTCGAGGACGCGCTTCTGGCCTTTATTGGTCGGGACGCGGAGTCGGCGCAGTTACTTTGAAAAAATTAGAGTGTTCAAAGCGGGCATACGCTTGAATATATTAGCATGGAATAACACGATAGGACTTCTGTTCTATTTTGTTGGTCTTCGGAACGGGAGTAATGATTAAGAGGAACAGTTGGGGGCATTCGTATTTCATTGTCAGAGGTGAAATTCTTGGATTTATGAAAGACGAACTTCTGCGAAAGCATTTGCCAAGGATGTTTTCATTA";"ASV0510";"Eukaryota";"Archaeplastida";"Chlorophyta";"Chlorophyta_X";"Mamiellophyceae";"Dolichomastigales";"Crustomastigaceae";"Crustomastigaceae_X";"Crustomastigaceae_X_sp."
"ASV0561";"ATTCCAGCTCCAATAGCGTATATTTAAGTTGTTGCAGTTAAAAAGCTCGTAGTTGGATTTCGGGCCTAGGTGACCGGTCCGCCGTTTCGGTGTGCACTGGTTAGCTCGGTCTTTCTGCCGGGGACGCGCTCCGTCTTTATTGCCGGACGCGGAGTCGGCGATGTTACTTTGAAAAAATTAGAGTGTTCAAAGCAGGCTTACGCTCTGAATACTATAGCATGGAATAACACGATAGGACTCCGAGCCTATTTTGTTGGTCTTCGGGACCGGAGTAATGATTAAGAGGGACAGTTGGGGGCATTCGTATTACGGTGTCAGAGGTGAAATTCTTGGATTTCCGTAAGACGAACTTCTGCGAAAGCATTTGCCAAGGATGTTTTCATCA";"ASV0561";"Eukaryota";"Archaeplastida";"Chlorophyta";"Chlorophyta_X";"Chloropicophyceae";"Chloropicales";"Chloropicaceae";"Chloroparvula";"Chloroparvula_pacifica"
"ASV0569";"ATTCCAGCTCCAATAGCGTATATTTAAGTTGTTGCAGTTAAAAAGCTCGTAGTTGGATTTCGGATGGGATCTGCCGGTCCGCCTTTGAGGTGTGTACTGGTAGGTCCTATCTTGTTGTCGGGGACTAGCTCCTGGGCTTCACTGTCCGGGACTAGGAGCCGACGAAGTTACTTTGAGTAAATTAGAGTGTTCAAAGCAAGCCTACGCTCTGAATATATTAGCATGGAATAACACGATAGGACTCTGGCTTATCTTGTTGGTCTGTGAGACCAGAGTAATGATTAAGAGGGACAGTCGGGGACATTCGTATTTCATTGTCAGAGGTGAAATTCTTGGATTTATGAAAGACGAACTTCTGCGAAAGCATTTGTCAAGGATGTTTTCATTA";"ASV0569";"Eukaryota";"Archaeplastida";"Chlorophyta";"Chlorophyta_X";"Chlorodendrophyceae";"Chlorodendrales";"Chlorodendraceae";"Chlorodendrales_XX";"Chlorodendrales_X_sp."
"ASV0631";"ATTCCAGCTCCAATAGCGTATATTTAAGTTGTTGCAGTTAAAAAGCTCGTAGTTGGATTTCGGGCCTAGGTGACCGGTCCGCCGTTTCGGTGTGCACTGGTTAGCTCGGTCTTTCTGCCGGGGACGCGCTCCGTCTTTATTGCCGGACGCGGAGTCGGCGATGTTACTTTGAAAAAATTAGAGTGTTCAAAGCAGGCTTACGCTCTGAATACTATAGCATGGAATAACACGATAGGACTCCGAGCCTATTTTGTTGGTCTTCGGGACCGGAGTAATGATTAAGAGGGACAGTTGGGGGCATTCGTATTACGGTGTCAGAGGTGAAATTCTTGGATTTCCGTAAGACGAACTTCTGCGAAAGCATTTGCCAAGGATGTTTTCATCG";"ASV0631";"Eukaryota";"Archaeplastida";"Chlorophyta";"Chlorophyta_X";"Chloropicophyceae";"Chloropicales";"Chloropicaceae";"Chloroparvula";"Chloroparvula_pacifica"
"ASV0652";"ATTCCAGCTCCAATAGCGTATACTAAAGTTGTTGCAGTTAAAAAGCTCGTAGTCGAATATAGGTTGTTTGGATGCGCGAACACTCTTGTTTAACTTGAGATGCTTGCGCCCATTAGCCGCCCTTGTGGGGCTCGATGTTCTTGATTATCAAGAACACTCAATCGATCCCACACATTACTGTGAACAAAATAGAGTGTTCATGGCAGGCCATTAGGGCTTGAATACCGCAGCATGGAATAATAGAATAGGACTTCCGGTTCTATTTTATTGGTTTTTGGAGCCGAAGTAATGATTAATAGGGATAGTTGGGGGCACTCGTACTCCGTTGTCAGAGGTGAAATTCTTGGATTGACGGAAGACGAACAACTGCGAAAGCATCTGCCAAGGATGTTTTCATCG";"ASV0652";"Eukaryota:nucl";"Cryptista:nucl";"Cryptophyta:nucl";"Cryptophyta_X:nucl";"Cryptophyceae:nucl";"Cryptomonadales:nucl";"Cryptomonadales_X:nucl";NA;NA
"ASV0676";"ATTCCAGCTCCAATAGCGTATATTAAAGTTGTTGCAGTTAAAAAGCTCGTAGTTGGATTTCTGGTGGGAGCGTTGGGCCGGCCCTAAGGGTCTGAGCTCAAATGTTTTCCGCCATCCTTGGAGGGATGTTGTCTGGCATTAAGTTGTCGGGCTTCCGATCTCCATCGTTTACTGTGAAAAAATTAGAGTGTTCAAAGCAGGCTTATGCCGTTGAATACATTAGCATGGAATAATAAGATAGGACCTTGGTACTATTTTGTTGGTTTGCGTACCTAGGTAATGATTAATAGGGACAGTTGGGGATATTACTATTTCGTTGTCAGAGGTGAAATTCTTGGATTTACGAAAGAGTAACTACTGCGAAAGCATTTATCAAGGATGTTTTCATCA";"ASV0676";"Eukaryota";"TSAR";"Stramenopiles";"Gyrista";"Bolidophyceae";"Parmales";"Parmales_env_3";"Parmales_env_3A";"Parmales_env_3A_sp."
"ASV0688";"ATTCCAGCTCCAATAGCGTATATTAAAGTTGTTGCAGTTAAAAAGCTCGTAGTTGGATTTCTGGTGGGGCTGTCGGCCTGGCTCCGAAAGGGGTCGTGGTTAGTACACGCCTGGCCATCCTCGGGGGAAGCTTTGCTGGCATTAAGTTGTCGGCGGAGTGACGCTCGTCGTTTACTGTGAACAAATTAGAGTGTTCAAAGCAGGCTTAGGCCGTTGAATACATTAGCATGGAATAATGAGATAGGACTTTGGTGGTCTATTTTGTTGGTTTGCACGCCGAAGTAATGATTAATAGGGGCGGTTGGGGGTATTCGTATTCAATTGTCAGAGGTGAAATTCTTGGATTTATGGAAGACGAACTACTGCGAAAGCATTTACCAAGGATGTTTTCATCA";"ASV0688";"Eukaryota";"TSAR";"Stramenopiles";"Gyrista";"Dictyochophyceae";"Dictyochophyceae_X";"Florenciellales";"Florenciella";"Florenciella_parvula"
"ASV0711";"ATTCCAGCTCCAATAGCGTATATTTAAGTTGTTGCAGTTAAAAAGCTCGTAGTTGGATTTCGGGCCTAGGTGACCGGTCCGCCGTTTCGGTGTGCACTGGTTAGCTCGGTCTTTCTGCCGGGGACGCGCTCCGTCTTTATTGCCGGACGCGGAGTCGGCGATGTTACTTTGAAAAAATTAGAGTGTTCAAAGCAGGCTTACGCTCTGAATACTATAGCATGGAATAACACGATAGGACTCCGAGCCTATTTTGTTGGTCTTCGGGACCGGAGTAATGATTAAGAGGGACAGTTGGGGGCATTCGTATTACGGTGTCAGAGGTGAAATTCTTGGATTTCCGTAAGACGAACTTCTGCGAAAGCATTTGCCAAGGATGTTTTCATTA";"ASV0711";"Eukaryota";"Archaeplastida";"Chlorophyta";"Chlorophyta_X";"Chloropicophyceae";"Chloropicales";"Chloropicaceae";"Chloroparvula";"Chloroparvula_pacifica"
"ASV0720";"ATTCCAGCTCCAATAGCGTATACTAAAGTTGTTGCAGTTAAAAAGCTCGTAGTCGAATGTAGGTTTTGTTACTACGCGATCTCTTGGGTGTAACTTGAGTGGACTGCGTGTAACAACCTTCCCGGATATAACAGAGGTAGTCTGGGTAATCTCAGGTTATGTCTTGTTATATGCATTACTGTGAACAAAATAGAGTGTTCATGGCAGGCCAATTTAGGCTTGGATACCTCAGCATGGAATAATAGAATAGGACTTCTGGTTCTATTTTGTTGGTTTTTGGAGCCGAAGTAATGATTAATAGGGATAGTTGGGGGCACTCGTACTCCGTTGTCAGAGGTGAAATTCTTGGATTGACGGAAGACGAACAACTGCGAAAGCATCTGCCAAGGATGTTTTCATCA";"ASV0720";"Eukaryota:nucl";"Cryptista:nucl";"Cryptophyta:nucl";"Cryptophyta_X:nucl";"Cryptophyceae:nucl";"Cryptomonadales:nucl";"Cryptomonadales_X:nucl";NA;NA
"ASV0775";"ATTCCAGCTCCAATAGCGTATATTAATGTTGTTGCAGTTAAAAAGCTCGTAGTTGGATTCCTGGCCTGGGGTAGCCGGTCCGCCTTGCAAAAGGTGCGCACTGAGCGGCCTCGGCCATCCTTGGGAAGAGCAGTCCTGGCATTCAGTTGTCGGGGTTGGGATTCCCGACGTTTACTGTGAAAAAATCAGAGTGTTCAACGCAGGCTTACGCCTTGAATACATTAGCATGGAATAATGAGATAGGACCTTGGCGGTCTATTTTGTTGGTTTGCACGCCGAGGTAATGATTAAAAGGGACGGTTGGGGTTCTTCGTATTCAATTGTCAGAGGTGAAATTCTTGGATTTATGGAAGACGAACTGCTGCGAAAGCGTCGAACAAGGACGTTCTCATCA";"ASV0775";"Eukaryota";"TSAR";"Stramenopiles";"Gyrista";"Pelagophyceae";"Pelagomonadales";"Pelagomonadaceae";"Pelagomonadaceae_clade_C";"Pelagomonadaceae_clade_C_sp."
"ASV0799";"ATTCCAGCTCCAATAGCGTATATTAAAGTTGTTGCAGTTAAAAAGCTCGTAGTTGGATTTCTGGCAGGAGCGACCGGTCACACACTCTGTGTGTGAACTTGTGTTGTCTCTGGCCATCCTTGGGGAGATCCTGTTTGGCATTAAGTTGTCGGGCAGGGGACATCCATCGTTTACTGTGAAAAAATTAGAGTGTTTAAAGCAGGCTTATGCCGTTGAATATATTAGCATGGAATAATAAGATAGGACTTCGGAACTATTTTGTTGGTTTGCGTTACGAAGTAATGATTAATAGGGACAGTTGGGGGTATTCGTATTTCGTTGTCAGAGGTGAAATTCTTGGATTTCCGAAAGACGAACTACTGCGAAAGCATTTACCAAGGATGTTTTCATCA";"ASV0799";"Eukaryota";"TSAR";"Stramenopiles";"Gyrista";"Mediophyceae";"Thalassiosirales";"Thalassiosiraceae";"Thalassiosira";NA
"ASV0834";"ATTCCAGCTCCAATAGCGTATACTAAAGTTGTTGCAGTTAAAAAGCTCGTAGTTGAATTTCTGGTCGTGAAACGTGGTCCGTTCCGCAAGGAATGTGTACTGTCGATTTATGTCCATCCTCGGTGTTAGTATGCATTACTTTAATCGGTCGTGTATACAACCACCGTCATTTACTGTGAGCAAAATAGAGTGTTCAAAGCAGGCTTATGCCGTTGAATATATTAGCATGGAATAATAAGATATGACTTTGGTCTATTTTGTTGGTTTGCACTCCAAAGTAATGATTAATAGGGATAGTTGGGGGTATTCGTATTCAATTGTCAGAGGTGAAATTCTTGGATTTATGGAAGACGAACTACTGCGAAAGCATTTACCAAGGATGTTTTCATCG";"ASV0834";"Eukaryota";"TSAR";"Stramenopiles";"Gyrista";"Chrysophyceae";"Chrysophyceae_Clade-EC2H";"Chrysophyceae_Clade-EC2H_X";"Chrysophyceae_Clade-EC2H_XX";"Chrysophyceae_Clade-EC2H_XX_sp."
"ASV0838";"ATTCCAGCTCCAATAGCGTATACTAAAGTTGTTGCAGTTAAAAAGCTCGTAGTCGAATATAGGTTGTTTGGATGCGCGAACACTCTTGTTTAACTTGAGATGCTTGCGCCCATTAGCCGCCCTTGTGGGGCTCGATGTTCTTGATTATCAAGAACACTCAATCGATCCCACACATTACTGTGAACAAAATAGAGTGTTCATGGCAGGCCATTAGGGCTTGAATACCGCAGCATGGAATAATAGAATAGGACTTCCGGTTCTATTTTATTGGTTTTTGGAGCCGAAGTAATGATTAATAGGGATAGTTGGGGGCACTCGTACTCCGTTGTCAGAGGTGAAATTCTTGGATTGACGGAAGACGAACAACTGCGAAAGCATCTGCCAAGGATGTTTTCATTA";"ASV0838";"Eukaryota:nucl";"Cryptista:nucl";"Cryptophyta:nucl";"Cryptophyta_X:nucl";"Cryptophyceae:nucl";NA;NA;NA;NA
"ASV0867";"ATTCCAGCTCCAATAGCGTATATTTAAGTTGTTGCAGTTAAAAAGCTCGTAGTTGGATTTCGGTTGAGAGCGGCCGGTCCGCCGTTTGGTGTGCACTGGCTGGTTTCAGCTTCCTGCAGAGGACGCGCTCTGGGCTTAATCGTCTGGACGTGGAGTCTGCGTGGTTACTTTGAAAAAATTAGAGTGTTCAAAGCGGGCTTACGCTTGAATATTTCAGCATGGAATAACACTATAGGACTCCTGTCCTATTTCGTTGGTCTCGGGACGGGAGTAATGATTAAGAGGAACAGTTGGGGGCATTCGTATTTCATTGTCAGAGGTGAAATTCTTGGATTTATGAAAGACGAACTTCTGCGAAAGCATTTGCCAAGGATGTTTTCATCA";"ASV0867";"Eukaryota";"Archaeplastida";"Chlorophyta";"Chlorophyta_X";"Mamiellophyceae";"Mamiellales";"Mamiellaceae";"Micromonas";"Micromonas_pusilla"
"ASV0882";"ATTCCAGCTCCAATAGCGTATATTAATGTTGTTGCAGTTAAAAAGCTCGTAGTTGGATTTCTGATGGGATCGACCCGGTCGGCTCCGAAAGGGGTCGCACTGGTGGTCTGTCCGGTCATCCTCGAGGGGAGGCTTTCTGGCATTCATTTGTTGGGGAGTCGACGCTCGTCGTTTACTGTGAACAAATTAGAGTGTTCAAAGCAGGCTTAGGCCGTTGAATACATTAGCATGGAATAATAAGATAGGACTTTGGTGGTTTATTTTGTTGGTTTGCACGCCGAAGTAATGATTAATAGGAGCAGTTGGGGATGTCCGTATTCGATTGTCAGAGGTGAAATTCTTGGATTTATTGAAGACGAACTACTGCGAAAGCATTCATCAAGGATGTTTTCATCG";"ASV0882";"Eukaryota";"TSAR";"Stramenopiles";"Gyrista";"Dictyochophyceae";"Dictyochophyceae_X";"Dictyochales";"Dictyocha";"Dictyocha_speculum"
"ASV0932";"ATTCCAGCTCCAATAGCGTATATTAATGTTGTTGCAGTTAAAAAGCTCGTAGTTGGATTTCTGGTTGGACCGCGATGCCGGACTCGCAAGGGTTCGTGATTGTTGTGGTTTCCTTCCATCCTCAGGTTTGCGCGTGCTGGCCTTAACTGGTCGGTGGGTGTGGTCCTGTCGTTTACTGTGAACAAATTAGAGTGTTCAAAGCAAGGTGTACTTGAATACATTAGCATGGAATAATAAGATAGGACTTTGGTGGTTCTTTTTGATATTTTGTTGGTTTGCACGCCAAAGTAATGATTAATAGGAGCAGTTGGGGGTATTCGTATTCAATTGTCAGAGGTGAAATTCTTGGATTTATAGAAGACGAACTACTGCGAAAGCATTTACCAAGGATGTTTTCATCG";"ASV0932";"Eukaryota";"TSAR";"Stramenopiles";"Gyrista";"Dictyochophyceae";"Dictyochophyceae_X";"Pedinellales";"Pedinellales_X";"Pedinellales_X_sp."
"ASV1079";"ATTCCAGCTCCAATAGCGTATATTTAAGTTGTTGCAGTTAAAAAGCTCGTAGTTGGATTTCGGTTGAGAGCGGCCGGTCCGCCGTTTGGTGTGCACTGGCTGGTTTCAGCTTCCTGCAGAGGACGCGCTCTGGGCTTAATCGTCTGGACGTGGAGTCTGCGTGGTTACTTTGAAAAAATTAGAGTGTTCAAAGCGGGCTTACGCTTGAATATTTCAGCATGGAATAACACTATAGGACTCCTGTCCTATTTCGTTGGTCTCGGGACGGGAGTAATGATTAAGAGGAACAGTTGGGGGCATTCGTATTTCATTGTCAGAGGTGAAATTCTTGGATTTATGAAAGACGAACTTCTGCGAAAGCATTTGCCAAGGATGTTTTCATCG";"ASV1079";"Eukaryota";"Archaeplastida";"Chlorophyta";"Chlorophyta_X";"Mamiellophyceae";"Mamiellales";"Mamiellaceae";"Micromonas";"Micromonas_pusilla"
"ASV1112";"ATTCCAGCTCCAATAGCGTATATTAAAGTTGTTGCAGTTAAAAAGCTCGTAGTTGGATTTCTGGCAGGAGCGACCGGTCACACACTCTGTGTGTGAACTTGTGTTGTCTCTGGCCATCCTTGGGGAGATCCTGTTTGGCATTAAGTTGTCGGGCAGGGGACATCCATCGTTTACTGTGAAAAAATTAGAGTGTTTAAAGCAGGCTTATGCCGTTGAATATATTAGCATGGAATAATAAGATAGGACTTCGGAACTATTTTGTTGGTTTGCGTTACGAAGTAATGATTAATAGGGACAGTTGGGGGTATTCGTATTTCGTTGTCAGAGGTGAAATTCTTGGATTTCCGAAAGACGAACTACTGCGAAAGCATTTACCAAGGATGTTTTCATCG";"ASV1112";"Eukaryota";"TSAR";"Stramenopiles";"Gyrista";"Mediophyceae";"Thalassiosirales";"Thalassiosiraceae";"Thalassiosira";NA
"ASV1119";"ATTCCAGCTCCAATAGCGTATATTTAAGTTGTTGCAGTTAAAAAGCTCGTAGTTGGATTTCGGTTGAGAGCGGCCGGTCCGCCGTTTGGTGTGCACTGGCTGGTTTCAGCTTCCTGCAGAGGACGCGCTCTGGGCTTAATCGTCTGGACGTGGAGTCTGCGTGGTTACTTTGAAAAAATTAGAGTGTTCAAAGCGGGCTTACGCTTGAATATTTCAGCATGGAATAACACTATAGGACTCCTGTCCTATTTCGTTGGTCTCGGGACGGGAGTAATGATTAAGAGGAACAGTTGGGGGCATTCGTATTTCATTGTCAGAGGTGAAATTCTTGGATTTATGAAAGACGAACTTCTGCGAAAGCATTTGCCAAGGATGTTTTCATTA";"ASV1119";"Eukaryota";"Archaeplastida";"Chlorophyta";"Chlorophyta_X";"Mamiellophyceae";"Mamiellales";"Mamiellaceae";"Micromonas";"Micromonas_pusilla"
"ASV1191";"ATTCCAGCTCCAATAGCGTATATTAATGTTGTTGCAGTTAAAAAGCTCGTAGTTGGATTCCTGGCCTGGGGTAGCCGGTCCGCCTTGCAAAAGGTGCGCACTGAGCGGCCTCGGCCATCCTTGGGAAGAGCAGTCCTGGCATTCAGTTGTCGGGGTTGGGATTCCCGACGTTTACTGTGAAAAAATCAGAGTGTTCAACGCAGGCTTACGCCTTGAATACATTAGCATGGAATAATGAGATAGGACCTTGGCGGTCTATTTTGTTGGTTTGCACGCCGAGGTAATGATTAAAAGGGACGGTTGGGGTTCTTCGTATTCAATTGTCAGAGGTGAAATTCTTGGATTTATGGAAGACGAACTGCTGCGAAAGCGTCGAACAAGGACGTTCTCATCG";"ASV1191";"Eukaryota";"TSAR";"Stramenopiles";"Gyrista";"Pelagophyceae";"Pelagomonadales";"Pelagomonadaceae";"Pelagomonadaceae_clade_C";"Pelagomonadaceae_clade_C_sp."
"ASV1207";"ATTCCAGCTCCAATAGCGTATATTAAAGTTGTTGCAGTTAGAACGCTCGTAGTCGGATTTCGGGGCGGTCCGACCGGTCTGCCGATGGGTACGTACTGGTCGGAGCGTCCTTTCTGCCGGAGACCGTGGCTACTCTTAACTGAGCGGTTCCGGGAGACGGCACTTTTACTTTGAAAAAATCAGAGTGTTTCAAGCAGGCAGCTCGCTCTTGCATGGATTAGCATGGGATAATGAAATAGGACTTTGGTGCTATTTTGTTGGTTTCGAACACCGAAGTAATGATGAGAAGGGACAGTCAGGGGCACTCGTATTCCGCCGAGAGAGGTGAAATTCTCAGACCAGCGGAAGACGAACCACTGCGAAAGCATTTGCCAGGGATGTTTTCATCA";"ASV1207";"Eukaryota";"Haptista";"Haptophyta";"Haptophyta_X";"Prymnesiophyceae";"Prymnesiales";"Chrysochromulinaceae";"Chrysochromulina";"Chrysochromulina_sp."
"ASV1272";"ATTCCAGCTCCAATAGCGTATATTAAAGTTGTTGCAGTTAAAAAGCTCGTAGTTGGATTTCTGGCAGGAGTGACCGGTCACGCACTCTGTGCGTGAACTTGTGTTGTCTCTGGCCATCCTTGGGGAGATCCTGTTTGGCATTAAGTTGTCGGGCAGGGGATACCCATCGTTTACTGTGAAAAAATTAGAGTGTTTAAAGCAGGCTTATGCCGTTGAATATATTAGCATGGAATAATAAGATAGGACTTCGGAACTATTTTGTTGGTTTGCGTTACGAAGTAATGATTAATAGGGACAGTTGGGGGTATTCGTATTTCGTTGTCAGAGGTGAAATTCTTGGATTTCCGAAAGACGAACTACTGCGAAAGCATTTACCAAGGATGTTTTCATCA";"ASV1272";"Eukaryota";"TSAR";"Stramenopiles";"Gyrista";"Mediophyceae";"Thalassiosirales";"Thalassiosiraceae";"Thalassiosira";"Thalassiosira_gravida"
"ASV1284";"ATTCCAGCTCCAATAGCGTATATTTAAGTTGTTGCAGTTAAAAAGCTCGTAGTTGGATTTCGGGTGTGAACGACCGGTCCGTCTTTGATGTGTACTGGTTGGTTGCGCCTTATTGTCGAGGACGTGGTTCTAGCTTTCATTAGCCGGGACACGGAGTCGGCAGCGTTACTTTGAGAAAATTAGAGTGTTCAAAGCAGGCTATCGCTCTGAATACTACAGCATGGAATAACACGATAGGACTCCGAGCCTATTCTGTTGGTCTTCGGGACCGGAGTAATGATTAAGAGGGACAGTTGGGGGCATTCGTATTCCGATGTCAGAGGTGAAATTCTTGGATTATCGGAAGACGAACATCTGCGAAAGCATTTGCCAAGGATGTTTTCATCA";"ASV1284";"Eukaryota";"Archaeplastida";"Chlorophyta";"Chlorophyta_X";"Chloropicophyceae";"Chloropicales";"Chloropicaceae";"Chloropicon";"Chloropicon_roscoffensis"
"ASV1335";"ATTCCAGCTCCAATAGCGTATATTAATGTTGTTGCAGTTAAAAAGCTCGTAGTTGGATTCCTGGCCTGGGGTAGCCGGTCCGCCTTGCAAAAGGTGCGCACTGAGCGGCCTCGGCCATCCTTGGGAAGAGCAGTCCTGGCATTCAGTTGTCGGGGTTGGGATTCCCGACGTTTACTGTGAAAAAATCAGAGTGTTCAACGCAGGCTTACGCCTTGAATACATTAGCATGGAATAATGAGATAGGACCTTGGCGGTCTATTTTGTTGGTTTGCACGCCGAGGTAATGATTAAAAGGGACGGTTGGGGTTCTTCGTATTCAATTGTCAGAGGTGAAATTCTTGGATTTATGGAAGACGAACTGCTGCGAAAGCGTCGAACAAGGACGTTCTCATTA";"ASV1335";"Eukaryota";"TSAR";"Stramenopiles";"Gyrista";"Pelagophyceae";"Pelagomonadales";"Pelagomonadaceae";"Pelagomonadaceae_clade_C";"Pelagomonadaceae_clade_C_sp."
"ASV1389";"ATTCCAGCTCCAATAGCGTATATTAAAGTTGTTGCAGTTAAAAAGCTCGTAGTTGGATTTCTGGCAGGAGCGACCGGTCACACACTCTGTGTGTGAACTTGTGTTGTCTCTGGCCATCCTTGGGGAGATCCTGTTTGGCATTAAGTTGTCGGGCAGGGGACATCCATCGTTTACTGTGAAAAAATTAGAGTGTTTAAAGCAGGCTTATGCCGTTGAATATATTAGCATGGAATAATAAGATAGGACTTCGGAACTATTTTGTTGGTTTGCGTTACGAAGTAATGATTAATAGGGACAGTTGGGGGTATTCGTATTTCGTTGTCAGAGGTGAAATTCTTGGATTTCCGAAAGACGAACTACTGCGAAAGCATTTACCAAGGATGTTTTCATTG";"ASV1389";"Eukaryota";"TSAR";"Stramenopiles";"Gyrista";"Mediophyceae";"Thalassiosirales";"Thalassiosiraceae";"Thalassiosira";NA
"ASV1403";"ATTCCAGCTCCAATAGCGTATATTAAAGTTGTTGCAGTTAGAACGCTCGTAGTCGGATTTCGGGGCAGTCCGACCGGTCTGCCGATGGGTATGCACTGGCCGGAGTGTCCTTTTTGCCGGAGACCGTGCCTACTCTTAACTGAGCGGGGGCGGGAGACGGCACTTTTACTTTGAAAAAATCAGAGTGTTTCAAGCAGGCAGCTCGCTCTTGCATGGATTAGCATGGGATAATGAAATAGGACTTTGGTGCTATTTTGTTGGTTTCGAACACCGAAGTAATGATGAGAAGGGACAGTCAGGGGCACTCGTATTCCGCCGAGAGAGGTGAAATTCTCAGACCAGCGGAAGACGAACCACTGCGAAAGCATTTGCCAGGGATGTTTTCATCA";"ASV1403";"Eukaryota";"Haptista";"Haptophyta";"Haptophyta_X";"Prymnesiophyceae";"Prymnesiales";"Chrysochromulinaceae";"Chrysochromulina";"Chrysochromulina_sp."
"ASV1411";"ATTCCAGCTCCAATAGCGTATATTAAAGTTGTTGCAGTTAAAAAGCTCGTAGTTGGATTTCTGGTGGGGCTGTCGGCCTGGCTCCGAAAGGGGTCGTGGCTTGTACACGCCTGGCCATCCTCGGGGGAAGCTCTTCTGCTCTTAATTGAGTGGGGAGTGACGCTCGTCGTTTACTGTGAACAAATTAGAGTGTTCAAAGCAGGCTTAGGCCGTTGAATACATTAGCATGGAATAATGAGATAGGACTTTGGTGGTCTATTTTGTTGGTTTGCACGCCGAAGTAATGATTAATAGGGGCGGTTGGGGGTATTCGTATTCAATTGTCAGAGGTGAAATTCTTGGATTTATGGAAGACGAACTACTGCGAAAGCATTTACCAAGGATGTTTTCATCA";"ASV1411";"Eukaryota";"TSAR";"Stramenopiles";"Gyrista";"Dictyochophyceae";"Dictyochophyceae_X";"Florenciellales";"Florenciellales_X";"Florenciellales_X_sp."
"ASV1412";"ATTCCAGCTCCAATAGCGTATATTAAAGTTGTTGCAGTTAAAAAGCTCGTAGTTGGATTTCTGGTGGGAGCGGTCGGTGCGGTCCTCAGGATTGCTACTCGTACCGTCTCTCGCCATCCTTGGGTCGATCCTGTCTGGCATTAAGTTGTCGGGCAGGGGATGCCCATCGTTTACTGTGAAAAAATTAGAGTGTTCAAAGCAGGCTTATGCCGTTGAATATATTAGCATGGAATAATAAGATAGGACTTTGGTACTATTTTGTTGGTTTGCGCACCAAAGTAATGATTAATAGGGACAGTTGGGGGTATTCGTATTCCGTTGTCAGAGGTGAAATTCTTGGATTTACGGAAGACGAACTACTGCGAAAGCATTTACCAAGGATGTTTTCATCA";"ASV1412";"Eukaryota";"TSAR";"Stramenopiles";"Gyrista";"Mediophyceae";"Cymatosirales";"Cymatosiraceae";"Brockmanniella";"Brockmanniella_brockmannii"
"ASV1506";"ATTCCAGCTCCAATAGCGTATATTAATGTTGTTGCAGTTAAAAAGCTCGTAGTTGGATTCCTGGCCTGGGGTAGCCGGTCCGCCTTGCAAAAGGTGCGCACTGAGCGGCCTCGGCCATCCTTGGGAAGAGCAGTCCTGGCATTCAGTTGTCGGGGTTGGGATTCCCGACGTTTACTGTGAAAAAATCAGAGTGTTCAACGCAGGCTTACGCCTTGAATACATTAGCATGGAATAATGAGATAGGACCTTGGCGGTCTATTTTGTTGGTTTGCACGCCGAGGTAATGATTAAAAGGGACGGTTGGGGTTCTTCGTATTCAATTGTCAGAGGTGAAATTCTTGGATTTATGGAAGACGAACTGCTGCGAAAGCGTCGAACAAGGACGTTCTCATTG";"ASV1506";"Eukaryota";"TSAR";"Stramenopiles";"Gyrista";"Pelagophyceae";"Pelagomonadales";"Pelagomonadaceae";"Pelagomonadaceae_clade_C";"Pelagomonadaceae_clade_C_sp."
"ASV1593";"ATTCCAGCTCCAATAGCGTATATTTAAGTTGTTGCAGTTAAAAAGCTCGTAGTTGGATTTCGGTTGAGAGCGGCCGGTCCGCCGTTTGGTGTGCACTGGCTGGTTTCAGCTTCCTGCAGAGGACGCGCTCTGGGCTTAATCGTCTGGACGTGGAGTCTGCGTGGTTACTTTGAAAAAATTAGAGTGTTCAAAGCGGGCTTACGCTTGAATATTTCAGCATGGAATAACACTATAGGACTCCTGTCCTATTTCGTTGGTCTCGGGACGGGAGTAATGATTAAGAGGAACAGTTGGGGGCATTCGTATTTCATTGTCAGAGGTGAAATTCTTGGATTTATGAAAGACGAACTTCTGCGAAAGCATTTGCCAAGGATGTTTTCATTG";"ASV1593";"Eukaryota";"Archaeplastida";"Chlorophyta";"Chlorophyta_X";"Mamiellophyceae";"Mamiellales";"Mamiellaceae";"Micromonas";"Micromonas_pusilla"
"ASV1742";"ATTCCAGCTCCAATAGCGTATATTAAAGTTGTTGCAGTTAAAAAGCTCGTAGTTGGATTTCTGGTGGGAGCGGTCGGTGCGGTCCTCAGGATTGCTACTCGTACCGTCTCTCGCCATCCTTGGGTCGATCCTGTCTGGCATTAAGTTGTCGGGCAGGGGATGCCCATCGTTTACTGTGAAAAAATTAGAGTGTTCAAAGCAGGCTTATGCCGTTGAATATATTAGCATGGAATAATAAGATAGGACTTTGGTACTATTTTGTTGGTTTGCGCACCAAAGTAATGATTAATAGGGACAGTTGGGGGTATTCGTATTCCGTTGTCAGAGGTGAAATTCTTGGATTTACGGAAGACGAACTACTGCGAAAGCATTTACCAAGGATGTTTTCATTA";"ASV1742";"Eukaryota";"TSAR";"Stramenopiles";"Gyrista";"Mediophyceae";"Cymatosirales";"Cymatosiraceae";"Brockmanniella";"Brockmanniella_brockmannii"
"ASV2590";"ATTCCAGCTCCAATAGCGTATATTAAAGTTGTTGCAGTTAAAAAGCTCGTAGTTGGATTTCTGGTGGGAGCGATCGGTCCGGCCTCACGGTCGGCACTTGTATTGTCTCCTACCATCTTTCAGGAAAACCTATCTGGCATTAAGTTGTCGGGTAGGGGATCCTGATCCTTTACTGTGAAAAAATTAGAGTGTTCAAAGCAGGCTTATGCCGTTGAATATATTAGCATGGAATAATAAGATAGGACTATGGTACTATTTTGTTGGTTTGTGCACCATGGTAATGATTAATAGGGACAGTTGGGGGTATTCGTATTCCATTGTCAGAGGTGAAATTCTTGGATTTATGGAAGACGAACTACTGCGAAAGCATTTACCAAGGATGTTTTCATCA";"ASV2590";"Eukaryota";"TSAR";"Stramenopiles";"Gyrista";"Coscinodiscophyceae";"Rhizosoleniales";"Rhizosoleniaceae";"Rhizosolenia";"Rhizosolenia_imbricata"
