"";"Sequences";"ASV";"C1A17";"C1F18";"C1A18";"C2A17";"C2F18";"C2A18";"C3A17";"C3F18";"C3A18";"C4A17";"C4F18";"C4A18";"F1A17";"F1F18";"F1A18";"F2A17";"F2F18";"F2A18";"F3A17";"F3F18";"F3A18";"F4A17";"F4F18";"F4A18";"H1A17";"H1F18";"H1A18";"H2A17";"H2F18";"H2A18";"H3A17";"H3F18";"H3A18";"H4A17";"H4F18";"H4A18";"P1F18";"P1A18";"P2F18";"P3F18";"P4F18";"Q1A17";"Q1F18";"Q2A17";"Q2F18";"Q3A17";"Q3F18";"Q3A18";"Q4A17";"Q4F18";"Q4A18";"L1A17";"L1F18";"L1A18";"L2A17";"L2F18";"L2A18";"L3A17";"L3F18";"L3A18";"L4A17";"L4F18";"L4A18";"Chanaral";"Flamenco";"Huasco";"Pta_Choros";"Quintero";"Las_Cruces";"Total";"Kingdom";"Supergroup";"Division";"Subdivision";"Class";"Order";"Family";"Genus";"Species"
"ASV0001";"ATTCCAGCTCCAATAGCGTATATTTAAGTTGTTGCAGTTAAAAAGCTCGTAGTCGGATTTTGGCTGAGAACGGTCGGTCCGCCGTTAGGTGTGCACTGACTGGTCTCAGCTTCCTGGTGAGGAGGTGTGCTTCATCGCCACTTAGTCACCGTGGTTACTTTGAAAAAATTAGAGTGTTCAAAGCGGGCTTACGCTTGAATATATTAGCATGGAATAACACCATAGGACTCCTGTCCTATTTCGTTGGTCTCGGGACGGGAGTAATGATTAAGAGGAACAGTTGGGGGCATTCGTATTTCATTGTCAGAGGTGAAATTCTTGGATTTATGAAAGACGAACTTCTGCGAAAGCATTTGCCAAGGATGTTTTCATCA";"ASV0001";0;3177;3732;0;503;2648;0;51;708;0;0;782;556;253;2791;681;672;6340;368;1118;1363;89;1312;3502;7624;12030;8971;7427;10028;8323;7350;12913;7957;6448;12143;7925;5302;493;4718;3878;5218;125;113;653;1159;423;1462;3233;447;256;6051;4408;470;3778;3552;3910;5145;4162;1882;5948;4720;4552;6526;11601;19045;109139;19609;13922;49053;222369;"Eukaryota";"Archaeplastida";"Chlorophyta";"Chlorophyta_X";"Mamiellophyceae";"Mamiellales";"Bathycoccaceae";"Ostreococcus";NA
"ASV0003";"ATTCCAGCTCCAATAGCGTATATTTAAGTTGTTGCAGTTAAAAAGCTCGTAGTCGGATTTTGGCTGAGAACGGTCGGTCCGCCGTTAGGTGTGCACTGACTGGTCTCAGCTTCCTGGTGAGGAGGTGTGCTTCATCGCCACTTAGTCACCGTGGTTACTTTGAAAAAATTAGAGTGTTCAAAGCGGGCTTACGCTTGAATATATTAGCATGGAATAACACCATAGGACTCCTGTCCTATTTCGTTGGTCTCGGGACGGGAGTAATGATTAAGAGGAACAGTTGGGGGCATTCGTATTTCATTGTCAGAGGTGAAATTCTTGGATTTATGAAAGACGAACTTCTGCGAAAGCATTTGCCAAGGATGTTTTCATCG";"ASV0003";0;2499;2797;0;395;1895;0;0;597;0;32;680;449;179;2033;491;538;4775;286;949;1001;66;1031;2506;5636;9028;6688;5681;7503;6278;5399;10217;6022;5005;8777;6086;4097;391;3708;2989;4002;0;0;481;976;341;1205;2450;324;183;4659;3382;386;3099;2802;3071;3988;3165;1435;4696;3709;3607;4971;8895;14304;82320;15187;10619;38311;169636;"Eukaryota";"Archaeplastida";"Chlorophyta";"Chlorophyta_X";"Mamiellophyceae";"Mamiellales";"Bathycoccaceae";"Ostreococcus";"Ostreococcus_lucimarinus"
"ASV0006";"ATTCCAGCTCCAATAGCGTATATTTAAGTTGTTGCAGTTAAAAAGCTCGTAGTCGGATTTTGGCTGAGAACGGTCGGTCCGCCGTTAGGTGTGCACTGACTGGTCTCAGCTTCCTGGTGAGGAGGTGTGCTTCATCGCCACTTAGTCACCGTGGTTACTTTGAAAAAATTAGAGTGTTCAAAGCGGGCTTACGCTTGAATATATTAGCATGGAATAACACCATAGGACTCCTGTCCTATTTCGTTGGTCTCGGGACGGGAGTAATGATTAAGAGGAACAGTTGGGGGCATTCGTATTTCATTGTCAGAGGTGAAATTCTTGGATTTATGAAAGACGAACTTCTGCGAAAGCATTTGCCAAGGATGTTTTCATTA";"ASV0006";0;2309;2616;0;370;1793;0;35;533;26;63;577;449;201;1895;510;507;4375;235;851;921;69;937;2419;5335;8284;6298;5496;6882;5894;5037;9241;5505;4501;8460;5454;3754;361;3312;2691;3681;0;0;477;875;326;1112;2244;293;178;4225;3145;331;2889;2653;2878;3775;3046;1313;4311;3487;3298;4699;8322;13369;76387;13799;9730;35825;157432;"Eukaryota";"Archaeplastida";"Chlorophyta";"Chlorophyta_X";"Mamiellophyceae";"Mamiellales";"Bathycoccaceae";"Ostreococcus";"Ostreococcus_lucimarinus"
"ASV0008";"ATTCCAGCTCCAATAGCGTATATTTAAGTTGTTGCAGTTAAAAAGCTCGTAGTCGGATTTTGGCTGAGAACGGTCGGTCCGCCGTTAGGTGTGCACTGACTGGTCTCAGCTTCCTGGTGAGGAGGTGTGCTTCATCGCCACTTAGTCACCGTGGTTACTTTGAAAAAATTAGAGTGTTCAAAGCGGGCTTACGCTTGAATATATTAGCATGGAATAACACCATAGGACTCCTGTCCTATTTCGTTGGTCTCGGGACGGGAGTAATGATTAAGAGGAACAGTTGGGGGCATTCGTATTTCATTGTCAGAGGTGAAATTCTTGGATTTATGAAAGACGAACTTCTGCGAAAGCATTTGCCAAGGATGTTTTCATTG";"ASV0008";0;1526;1739;0;258;1193;0;0;319;0;0;368;323;98;1279;313;375;2980;155;517;584;35;613;1446;3237;5247;4117;3579;4297;3712;3431;6318;3488;2971;5285;3377;2386;235;2084;1604;2281;27;0;317;562;197;686;1463;257;102;2929;2046;217;2009;1656;1779;2689;2030;776;3192;2376;2130;3081;5403;8718;49059;8590;6540;23981;102291;"Eukaryota";"Archaeplastida";"Chlorophyta";"Chlorophyta_X";"Mamiellophyceae";"Mamiellales";"Bathycoccaceae";"Ostreococcus";"Ostreococcus_lucimarinus"
"ASV0013";"ATTCCAGCTCCAATAGCGTATATTTAAGTTGTTGCAGTTAAAAAGCTCGTAGTTGGATTTTGGTTAAGAGGGCGCGGTCGGCCGTTTGGTCTGTACTGCGTTGTCTTGACTTCCTGATGAGGACATGCTCTTGGTTAACGCTGAGACATGGAGTCATCGTGGTTACTTTGAAAAAATTAGAGTGTTCAAAGCGGGCTTACGCTTGAATATATTAGCATGGAATAACACTATAGGACTCCTGTCCTATCTCGTTGGTCTCGGGATGGGAGTAATGATTAAGAGGAACAGTTGGGGGCATTCGTATTTCATTGTCAGAGGTGAAATTCTTGGATTTATGAAAGACGAACTTCTGCGAAAGCATTTGCCAAGGATGTTTTCATCA";"ASV0013";0;210;590;0;51;396;0;0;477;0;0;847;161;0;372;197;36;948;82;165;187;68;197;650;233;743;943;237;555;818;224;876;633;182;776;1465;1034;54;1018;695;1031;24;0;93;40;0;75;838;120;64;1225;835;95;775;694;412;1506;1111;191;1537;957;558;1623;2571;3063;7685;3832;2479;10294;29924;"Eukaryota";"Archaeplastida";"Chlorophyta";"Chlorophyta_X";"Mamiellophyceae";"Mamiellales";"Bathycoccaceae";"Bathycoccus";"Bathycoccus_prasinos"
"ASV0016";"ATTCCAGCTCCAATAGCGTATATTTAAGTTGTTGCAGTTAAAAAGCTCGTAGTTGGATTTTGGTTAAGAGGGCGCGGTCGGCCGTTTGGTCTGTACTGCGTTGTCTTGACTTCCTGATGAGGACATGCTCTTGGTTAACGCTGAGACATGGAGTCATCGTGGTTACTTTGAAAAAATTAGAGTGTTCAAAGCGGGCTTACGCTTGAATATATTAGCATGGAATAACACTATAGGACTCCTGTCCTATCTCGTTGGTCTCGGGATGGGAGTAATGATTAAGAGGAACAGTTGGGGGCATTCGTATTTCATTGTCAGAGGTGAAATTCTTGGATTTATGAAAGACGAACTTCTGCGAAAGCATTTGCCAAGGATGTTTTCATCG";"ASV0016";0;194;494;0;43;318;0;0;414;0;0;730;119;0;308;187;73;707;53;104;110;0;134;483;174;571;657;184;486;627;161;834;435;136;552;1019;799;42;807;512;858;0;0;89;30;33;44;604;0;0;981;628;0;578;490;316;1056;822;127;1142;800;397;1364;2193;2278;5836;3018;1781;7720;22826;"Eukaryota";"Archaeplastida";"Chlorophyta";"Chlorophyta_X";"Mamiellophyceae";"Mamiellales";"Bathycoccaceae";"Bathycoccus";"Bathycoccus_prasinos"
"ASV0017";"ATTCCAGCTCCAATAGCGTATATTTAAGTTGTTGCAGTTAAAAAGCTCGTAGTTGGATTTTGGTTAAGAGGGCGCGGTCGGCCGTTTGGTCTGTACTGCGTTGTCTTGACTTCCTGATGAGGACATGCTCTTGGTTAACGCTGAGACATGGAGTCATCGTGGTTACTTTGAAAAAATTAGAGTGTTCAAAGCGGGCTTACGCTTGAATATATTAGCATGGAATAACACTATAGGACTCCTGTCCTATCTCGTTGGTCTCGGGATGGGAGTAATGATTAAGAGGAACAGTTGGGGGCATTCGTATTTCATTGTCAGAGGTGAAATTCTTGGATTTATGAAAGACGAACTTCTGCGAAAGCATTTGCCAAGGATGTTTTCATTA";"ASV0017";0;155;417;0;46;262;0;0;408;0;57;614;124;37;227;211;50;668;61;117;118;0;136;464;184;548;573;191;446;603;181;669;480;95;553;976;709;47;709;492;811;17;11;98;35;89;91;541;0;0;879;603;0;585;494;287;1073;794;131;1113;703;411;1189;1959;2213;5499;2768;1761;7383;21583;"Eukaryota";"Archaeplastida";"Chlorophyta";"Chlorophyta_X";"Mamiellophyceae";"Mamiellales";"Bathycoccaceae";"Bathycoccus";"Bathycoccus_prasinos"
"ASV0021";"ATTCCAGCTCCAATAGCGTATATTTAAGTTGTTGCAGTTAAAAAGCTCGTAGTTGGATTTCGGTTGAGAACGGCCGGTCCGCCGTTTGGTGTGCACTGGCTGGTTTCAACTTCCTGTAGAGGACGCGCTCTGGCTTCATCGCTGGACGCGGAGTCTACGTGGTTACTTTGAAAAAATTAGAGTGTTCAAAGCGGGCTTACGCTTGAATATTTCAGCATGGAATAACACTATAGGACTCCTGTCCTATTTCGTTGGTCTCGGGACGGGAGTAATGATTAAGAGGAACAGTTGGGGGCATTCGTATTTCATTGTCAGAGGTGAAATTCTTGGATTTATGAAAGACGAACTTCTGCGAAAGCATTTGCCAAGGATGTTTTCATCA";"ASV0021";298;470;48;0;62;41;0;131;77;0;262;146;461;61;66;647;37;133;231;69;42;103;70;175;366;882;98;369;704;110;319;1298;82;378;1174;152;604;19;676;530;809;16;0;57;19;61;0;155;18;0;275;309;61;113;244;265;306;289;93;174;361;361;199;1535;2095;5932;2638;601;2775;15576;"Eukaryota";"Archaeplastida";"Chlorophyta";"Chlorophyta_X";"Mamiellophyceae";"Mamiellales";"Mamiellaceae";"Micromonas";NA
"ASV0023";"ATTCCAGCTCCAATAGCGTATATTTAAGTTGTTGCAGTTAAAAAGCTCGTAGTTGGATTTCGGTTAAGAGCGACCGGTCCGCCGTTTGGTGTGCACTGGTTGGTTTTAACTTCCTGTAGAGGACGTGCTCTGGGCTTAACGGTCTGGACTCGGAGTCTACGTGGTTACTTTGAAAAAATTAGAGTGTTCAAAGCGGGCTTACGCTTGAATATTTCAGCATGGAATAACACTATAGGACTCCTGTCCTATTTCGTTGGTCTCGGGACGGGAGTAATGATTAAGAGGAACAGTTGGGGGCATTCGTATTTCATTGTCAGAGGTGAAATTCTTGGATTTATGAAAGACGAACTTCTGCGAAAGCATTTGCCAAGGATGTTTTCATCA";"ASV0023";0;58;99;0;8;85;0;4;181;0;5;315;95;20;115;138;36;237;52;75;85;8;57;227;145;702;463;168;683;419;220;1084;352;250;965;588;512;69;482;386;553;21;0;44;67;67;0;713;25;0;774;245;35;143;202;131;239;263;60;294;287;233;168;755;1145;6039;2002;1711;2300;13952;"Eukaryota";"Archaeplastida";"Chlorophyta";"Chlorophyta_X";"Mamiellophyceae";"Mamiellales";"Mamiellaceae";"Micromonas";"Micromonas_commoda_A2"
"ASV0025";"ATTCCAGCTCCAATAGCGTATATTTAAGTTGCTGCAGTTAAAAAGCTCGTAGTTGGATTTCGGGTGGGAATGGCCGGTCCGCCGTTTCGGTGTGCACTTGCTACGCCCACCTTGCTGCCGGGGACGTGCTCTTGAGTTCACGCTCGGGACACGGAGTCGGCGAGGTTACTTTGAGTAAATTAGAGTGTTCAAAGCAGGCCTACGCTCTGAATACATTAGCATGGAATAACACGATAGGACTCTGGCCTATCTTGTTGGTCTGTAGGACCGGAGTAATGATTAAGAGGGACAGTCGGGGGCATTCGTATTTCATTGTCAGAGGTGAAATTCTTGGATTTATGAAAGACGAACTACTGCGAAAGCATTTGCCAAGGATGTTTTCATCA";"ASV0025";0;0;88;35;0;112;33;0;0;0;0;71;0;0;911;67;0;291;115;16;1731;119;0;385;110;95;105;0;131;95;0;107;0;115;0;161;788;522;739;245;423;10;0;0;92;11;79;406;0;54;291;136;291;580;115;1446;257;0;389;746;139;431;503;339;3635;919;2717;943;5033;13586;"Eukaryota";"Archaeplastida";"Chlorophyta";"Chlorophyta_X";"Trebouxiophyceae";"Chlorellales";"Chlorellales_X";"Picochlorum";"Picochlorum_sp."
"ASV0029";"ATTCCAGCTCCAATAGCGTATATTTAAGTTGTTGCAGTTAAAAAGCTCGTAGTTGGATTTCGGTTGAGAACGGCCGGTCCGCCGTTTGGTGTGCACTGGCTGGTTTCAACTTCCTGTAGAGGACGCGCTCTGGCTTCATCGCTGGACGCGGAGTCTACGTGGTTACTTTGAAAAAATTAGAGTGTTCAAAGCGGGCTTACGCTTGAATATTTCAGCATGGAATAACACTATAGGACTCCTGTCCTATTTCGTTGGTCTCGGGACGGGAGTAATGATTAAGAGGAACAGTTGGGGGCATTCGTATTTCATTGTCAGAGGTGAAATTCTTGGATTTATGAAAGACGAACTTCTGCGAAAGCATTTGCCAAGGATGTTTTCATCG";"ASV0029";239;344;37;0;49;22;0;90;67;0;206;107;328;0;43;495;34;96;231;52;29;69;59;111;225;654;77;257;530;79;260;1049;75;300;945;119;522;13;451;415;630;0;0;29;0;0;44;142;27;0;251;274;0;74;212;186;237;286;67;139;241;278;159;1161;1547;4570;2031;493;2153;11955;"Eukaryota";"Archaeplastida";"Chlorophyta";"Chlorophyta_X";"Mamiellophyceae";"Mamiellales";"Mamiellaceae";"Micromonas";NA
"ASV0030";"ATTCCAGCTCCAATAGCGTATATTAAAGTTGTTGCAGTTAAAAAGCTCGTAGTTGGATTTCTGGCGGGAGCGATCGGTCCTTCACTCAGTGTTGGAACCTGATTGTCTCCTACCATCCATGGAGAAAACTTGTCTGGCATTAAGTTGTCGGGTAGGCAATCTCCATCTTTTACTGTGAAAAAATTAGAGTGTTCAAAGCAGGCTTATGCCGTTGAATATATTAGCATGGAATAATAAGATAGGACTATGGTACTATTTTGTTGGTTTGTGCACCATGGTAATGATTAATAGGGACAGTTGGGGGTATTCGTATTCCATTGTCAGAGGTGAAATTCTTGGATTTATGGAAGACGAACTACTGCGAAAGCATTTACCAAGGATGTTTTCATCA";"ASV0030";85;215;0;27;580;16;1796;5262;0;57;2755;31;0;109;0;0;17;0;0;12;0;0;16;0;0;21;0;0;0;0;0;0;0;0;0;0;0;2;0;0;0;80;161;40;70;43;110;0;45;190;0;0;0;0;0;70;0;0;0;0;0;57;35;10824;154;21;2;739;162;11902;"Eukaryota";"TSAR";"Stramenopiles";"Gyrista";"Coscinodiscophyceae";"Rhizosoleniales";"Rhizosoleniaceae";"Rhizosolenia";"Rhizosolenia_delicatula"
"ASV0032";"ATTCCAGCTCTAATAGCGTATATTAAAGTTGTTGCAGTTAAAAAGCTCGTAGTCGGATGTCGGGCTCGGGCAAGCTGTCGGCCTTTGGTCGGACGGCAGGCTCGGGTCTTTCTGCCTGAGGAACCCGGTTGCTTTAACGAGCTGCCGGTGGACGCAGGTCGTTTACTTTGAAAAAATTAGAGTGTTCAAAGCAGGCTAGCGCTTGAATACATTAGCATGGAATAATGGAATAGGACTTTGGTGCTATTTTGTTGGTTTATGGGACCGAAGTAATGATTAACAGGGACAGTTGGGGCCGTTTATATTTCGTTGTCAGAGGTGAAATTCTTGGATTTACGAAAGATAAACTTCTGCGAAAGCATTCGGCAAGGATGTTTTCATCA";"ASV0032";0;58;259;0;63;159;0;0;109;0;0;152;507;119;299;193;85;233;73;382;132;0;366;507;88;152;286;80;329;246;242;240;325;221;189;377;191;74;348;429;188;127;0;122;104;192;850;238;70;102;148;127;114;143;194;215;346;115;74;166;67;129;345;800;2896;2775;1230;1953;2035;11689;"Eukaryota";"Cryptista";"Cryptophyta";"Cryptophyta_X";"Cryptophyceae";"Cryptomonadales";"Cryptomonadales_X";"Plagioselmis";"Plagioselmis_prolonga"
"ASV0034";"ATTCCAGCTCCAATAGCGTATATTTAAGTTGTTGCAGTTAAAAAGCTCGTAGTTGGATTTCGGTTGAGAACGGCCGGTCCGCCGTTTGGTGTGCACTGGCTGGTTTCAACTTCCTGTAGAGGACGCGCTCTGGCTTCATCGCTGGACGCGGAGTCTACGTGGTTACTTTGAAAAAATTAGAGTGTTCAAAGCGGGCTTACGCTTGAATATTTCAGCATGGAATAACACTATAGGACTCCTGTCCTATTTCGTTGGTCTCGGGACGGGAGTAATGATTAAGAGGAACAGTTGGGGGCATTCGTATTTCATTGTCAGAGGTGAAATTCTTGGATTTATGAAAGACGAACTTCTGCGAAAGCATTTGCCAAGGATGTTTTCATTA";"ASV0034";239;309;19;27;101;16;41;93;66;0;181;80;365;0;57;380;20;99;190;48;37;64;62;115;215;600;93;261;518;56;255;881;57;297;859;87;443;9;500;406;603;0;0;50;0;0;17;103;12;0;206;215;0;84;143;174;240;236;62;151;256;253;126;1172;1437;4179;1961;388;1940;11077;"Eukaryota";"Archaeplastida";"Chlorophyta";"Chlorophyta_X";"Mamiellophyceae";"Mamiellales";"Mamiellaceae";"Micromonas";NA
"ASV0035";"ATTCCAGCTCCAATAGCGTATATTTAAGTTGTTGCAGTTAAAAAGCTCGTAGTTGGATTTCGGTTAAGAGCGACCGGTCCGCCGTTTGGTGTGCACTGGTTGGTTTTAACTTCCTGTAGAGGACGTGCTCTGGGCTTAACGGTCTGGACTCGGAGTCTACGTGGTTACTTTGAAAAAATTAGAGTGTTCAAAGCGGGCTTACGCTTGAATATTTCAGCATGGAATAACACTATAGGACTCCTGTCCTATTTCGTTGGTCTCGGGACGGGAGTAATGATTAAGAGGAACAGTTGGGGGCATTCGTATTTCATTGTCAGAGGTGAAATTCTTGGATTTATGAAAGACGAACTTCTGCGAAAGCATTTGCCAAGGATGTTTTCATCG";"ASV0035";0;43;84;0;3;45;0;1;120;0;0;213;77;0;102;107;36;168;42;61;69;7;44;186;106;515;330;136;456;286;158;861;254;213;674;448;422;39;369;283;448;0;0;50;0;0;56;525;50;0;639;213;0;122;178;96;221;232;30;253;221;211;137;509;899;4437;1561;1320;1914;10640;"Eukaryota";"Archaeplastida";"Chlorophyta";"Chlorophyta_X";"Mamiellophyceae";"Mamiellales";"Mamiellaceae";"Micromonas";"Micromonas_commoda_A2"
"ASV0036";"ATTCCAGCTCCAATAGCGTATATTTAAGTTGTTGCAGTTAAAAAGCTCGTAGTCGGATTTTGGCTGAGAACGGTCGGTCCGCCGTTAGGTGTGCACTGACTGGTCTCAGCTTCCTGGTGAGGAGGTGTGCTTTATCGCCACTTAGTCACCGTGGTTACTTTGAAAAAATTAGAGTGTTCAAAGCGGGCTTACGCTTGAATATATTAGCATGGAATAACACCATAGGACTCCTGTCCTATTTCGTTGGTCTCGGGACGGGAGTAATGATTAAGAGGAACAGTTGGGGGCATTCGTATTTCATTGTCAGAGGTGAAATTCTTGGATTTATGAAAGACGAACTTCTGCGAAAGCATTTGCCAAGGATGTTTTCATCA";"ASV0036";0;132;155;0;0;93;0;0;20;0;0;37;28;0;108;33;32;252;0;51;47;0;54;177;345;562;418;366;462;363;337;506;350;287;549;364;273;14;233;215;226;0;0;37;62;26;87;257;0;0;402;250;42;119;166;214;379;199;98;182;220;271;345;437;782;4909;961;871;2485;10445;"Eukaryota";"Archaeplastida";"Chlorophyta";"Chlorophyta_X";"Mamiellophyceae";"Mamiellales";"Bathycoccaceae";"Ostreococcus";"Ostreococcus_lucimarinus"
"ASV0037";"ATTCCAGCTCCAATAGCGTATATTTAAGTTGCTGCAGTTAAAAAGCTCGTAGTTGGATTTCGGGTGGGAATGGCCGGTCCGCCGTTTCGGTGTGCACTTGCTACGCCCACCTTGCTGCCGGGGACGTGCTCTTGAGTTCACGCTCGGGACACGGAGTCGGCGAGGTTACTTTGAGTAAATTAGAGTGTTCAAAGCAGGCCTACGCTCTGAATACATTAGCATGGAATAACACGATAGGACTCTGGCCTATCTTGTTGGTCTGTAGGACCGGAGTAATGATTAAGAGGGACAGTCGGGGGCATTCGTATTTCATTGTCAGAGGTGAAATTCTTGGATTTATGAAAGACGAACTACTGCGAAAGCATTTGCCAAGGATGTTTTCATCG";"ASV0037";0;0;0;0;0;0;58;0;0;0;0;0;0;0;737;89;0;210;80;0;1214;92;0;288;93;0;0;67;0;0;42;69;82;0;48;107;682;388;588;242;378;0;0;0;86;0;41;315;20;0;244;116;235;441;0;1234;203;78;254;567;0;293;446;58;2710;508;2278;706;3867;10127;"Eukaryota";"Archaeplastida";"Chlorophyta";"Chlorophyta_X";"Trebouxiophyceae";"Chlorellales";"Chlorellales_X";"Picochlorum";"Picochlorum_sp."
"ASV0038";"ATTCCAGCTCCAATAGCGTATATTTAAGTTGTTGCAGTTAAAAAGCTCGTAGTTGGATTTCGGTTAAGAGCGACCGGTCCGCCGTTTGGTGTGCACTGGTTGGTTTTAACTTCCTGTAGAGGACGTGCTCTGGGCTTAACGGTCTGGACTCGGAGTCTACGTGGTTACTTTGAAAAAATTAGAGTGTTCAAAGCGGGCTTACGCTTGAATATTTCAGCATGGAATAACACTATAGGACTCCTGTCCTATTTCGTTGGTCTCGGGACGGGAGTAATGATTAAGAGGAACAGTTGGGGGCATTCGTATTTCATTGTCAGAGGTGAAATTCTTGGATTTATGAAAGACGAACTTCTGCGAAAGCATTTGCCAAGGATGTTTTCATTA";"ASV0038";0;66;73;0;6;58;0;2;119;0;1;199;65;0;76;110;20;161;32;55;48;10;47;174;90;486;297;105;468;281;129;905;226;204;602;457;358;27;337;239;403;0;0;30;0;0;15;510;12;0;639;202;0;107;140;81;191;176;32;210;243;147;95;524;798;4250;1364;1206;1624;9766;"Eukaryota";"Archaeplastida";"Chlorophyta";"Chlorophyta_X";"Mamiellophyceae";"Mamiellales";"Mamiellaceae";"Micromonas";"Micromonas_commoda_A2"
"ASV0039";"ATTCCAGCTCCAATAGCGTATATTTAAGTTGCTGCAGTTAAAAAGCTCGTAGTTGGATTTCGGGTGGGAATGGCCGGTCCGCCGTTTCGGTGTGCACTTGCTACGCCCACCTTGCTGCCGGGGACGTGCTCTTGAGTTCACGCTCGGGACACGGAGTCGGCGAGGTTACTTTGAGTAAATTAGAGTGTTCAAAGCAGGCCTACGCTCTGAATACATTAGCATGGAATAACACGATAGGACTCTGGCCTATCTTGTTGGTCTGTAGGACCGGAGTAATGATTAAGAGGGACAGTCGGGGGCATTCGTATTTCATTGTCAGAGGTGAAATTCTTGGATTTATGAAAGACGAACTACTGCGAAAGCATTTGCCAAGGATGTTTTCATTA";"ASV0039";24;0;0;0;0;0;31;0;49;42;0;0;0;9;667;76;0;168;80;0;1116;112;0;265;83;0;0;26;0;0;87;0;26;0;137;106;612;343;542;195;346;0;0;0;54;0;88;322;0;0;229;110;211;407;0;1091;165;0;258;516;0;324;418;146;2493;465;2038;693;3500;9335;"Eukaryota";"Archaeplastida";"Chlorophyta";"Chlorophyta_X";"Trebouxiophyceae";"Chlorellales";"Chlorellales_X";"Picochlorum";"Picochlorum_sp."
"ASV0040";"ATTCCAGCTCTAATAGCGTATATTAAAGTTGTTGCAGTTAAAAAGCTCGTAGTCGGATGTCGGGCTCGGGCAAGCTGTCGGCCTTTGGTCGGACGGCAGGCTCGGGTCTTTCTGCCTGAGGAACCCGGTTGCTTTAACGAGCTGCCGGTGGACGCAGGTCGTTTACTTTGAAAAAATTAGAGTGTTCAAAGCAGGCTAGCGCTTGAATACATTAGCATGGAATAATGGAATAGGACTTTGGTGCTATTTTGTTGGTTTATGGGACCGAAGTAATGATTAACAGGGACAGTTGGGGCCGTTTATATTTCGTTGTCAGAGGTGAAATTCTTGGATTTACGAAAGATAAACTTCTGCGAAAGCATTCGGCAAGGATGTTTTCATCG";"ASV0040";0;60;184;0;45;109;0;22;83;0;0;93;340;0;241;124;80;174;0;344;116;91;325;436;72;161;192;55;213;227;203;202;231;166;148;306;121;54;257;329;141;80;72;91;87;138;667;220;64;55;121;73;59;104;158;178;297;93;46;138;39;138;262;596;2271;2176;902;1595;1585;9125;"Eukaryota";"Cryptista";"Cryptophyta";"Cryptophyta_X";"Cryptophyceae";"Cryptomonadales";"Cryptomonadales_X";"Plagioselmis";"Plagioselmis_prolonga"
"ASV0042";"ATTCCAGCTCCAATAGCGTATATTTAAGTTGCTGCAGTTAAAAAGCTCGTAGTTGGATTTCGGATGGGATTTGCCGGTCCGCCGTTTCGGTGTGCACTGGCCAGTCCCATCTTGTTGTCGGGGACTAGCTCCTGGGCTTCACTGTCCGGGACTAGGAGCTGACGAGGTTACTTTGAGTAAATTAGAGTGTTCAAAGCAAGCCTACGCTCTGAATACATTAGCATGGAATAACATGATAGGACTCTGGCTTATCTTGTTGGTCTGTGAGACCAGAGTAATGATTAAGAGGGACAGTCGGGGGCATTCGTATTTCATTGTCAGAGGTGAAATTCTTGGATTTATGAAAGACGAACTTCTGCGAAAGCATTTGTCAAGGATGTTTTCATCG";"ASV0042";0;0;0;0;0;0;30;0;0;0;89;0;0;0;0;0;0;0;0;23;0;0;0;0;0;0;0;0;121;0;0;0;0;0;0;0;0;0;219;3324;106;0;0;0;89;0;109;100;0;0;93;0;0;2215;0;1365;58;0;0;1020;0;0;0;119;23;121;3649;391;4658;8961;"Eukaryota";"Archaeplastida";"Chlorophyta";"Chlorophyta_X";"Chlorodendrophyceae";"Chlorodendrales";"Chlorodendraceae";"Tetraselmis";"Tetraselmis_striata"
"ASV0043";"ATTCCAGCTCTAATAGCGTATATTAAAGTTGTTGCAGTTAAAAAGCTCGTAGTCGGATGTCGGGCTCGGGCAAGCTGTCGGCCTTTGGTCGGACGGCAGGCTCGGGTCTTTCTGCCTGAGGAACCCGGTTGCTTTAACGAGCTGCCGGTGGACGCAGGTCGTTTACTTTGAAAAAATTAGAGTGTTCAAAGCAGGCTAGCGCTTGAATACATTAGCATGGAATAATGGAATAGGACTTTGGTGCTATTTTGTTGGTTTATGGGACCGAAGTAATGATTAACAGGGACAGTTGGGGCCGTTTATATTTCGTTGTCAGAGGTGAAATTCTTGGATTTACGAAAGATAAACTTCTGCGAAAGCATTCGGCAAGGATGTTTTCATTA";"ASV0043";0;84;161;0;42;101;0;0;63;0;0;123;399;0;208;178;42;172;49;308;86;0;267;389;55;138;188;75;216;159;168;193;263;200;127;229;115;52;238;317;131;117;40;77;81;117;677;207;43;111;104;98;0;111;151;165;300;85;49;131;52;151;252;574;2098;2011;853;1574;1545;8655;"Eukaryota";"Cryptista";"Cryptophyta";"Cryptophyta_X";"Cryptophyceae";"Cryptomonadales";"Cryptomonadales_X";"Plagioselmis";"Plagioselmis_prolonga"
"ASV0045";"ATTCCAGCTCCAATAGCGTATATTAAAGTTGTTGCAGTTAAAAAGCTCGTAGTTGGATTTCTGGCGGGAGCGATCGGTCCTTCACTCAGTGTTGGAACCTGATTGTCTCCTACCATCCATGGAGAAAACTTGTCTGGCATTAAGTTGTCGGGTAGGCAATCTCCATCTTTTACTGTGAAAAAATTAGAGTGTTCAAAGCAGGCTTATGCCGTTGAATATATTAGCATGGAATAATAAGATAGGACTATGGTACTATTTTGTTGGTTTGTGCACCATGGTAATGATTAATAGGGACAGTTGGGGGTATTCGTATTCCATTGTCAGAGGTGAAATTCTTGGATTTATGGAAGACGAACTACTGCGAAAGCATTTACCAAGGATGTTTTCATTA";"ASV0045";56;142;0;0;396;0;1345;3721;60;0;2057;0;0;81;0;0;9;0;0;7;0;0;4;0;0;0;0;0;0;0;0;0;17;0;0;0;0;3;0;0;0;75;129;35;55;32;90;0;0;125;0;0;0;0;0;61;0;0;35;26;0;40;0;7777;101;17;3;541;162;8601;"Eukaryota";"TSAR";"Stramenopiles";"Gyrista";"Coscinodiscophyceae";"Rhizosoleniales";"Rhizosoleniaceae";"Rhizosolenia";"Rhizosolenia_delicatula"
"ASV0048";"ATTCCAGCTCCAATAGCGTATATTTAAGTTGTTGCAGTTAAAAAGCTCGTAGTTGGATTTCGGGCCCAGGTGACCGGTCCGCCGTTTCGGTGTGCACTGGTTAGCTCGGTCTTTCTGCCGGGGACGCGCTCCGTCTTAATTGCCGGACGCGGAGTCGGCGATGTTACTTTGAAAAAATTAGAGTGTTCAAAGCAGGCTTACGCTCTGAATACTATAGCATGGAATAACACGATAGGACTCCGAGCCTATTTTGTTGGTCTTCGGGACCGGAGTAATGATTAAGAGGGACAGTTGGGGGCATTCGTATTACGGTGTCAGAGGTGAAATTCTTGGATTTCCGTAAGACGAACTTCTGCGAAAGCATTTGCCAAGGATGTTTTCATCA";"ASV0048";0;232;330;0;70;674;0;98;187;0;35;169;0;51;1019;38;121;354;0;43;1332;0;79;290;46;57;115;0;40;115;48;59;153;0;54;863;437;78;250;115;235;0;0;0;23;0;71;63;0;54;0;16;0;65;0;37;65;0;35;94;0;0;0;1795;3327;1550;1115;211;312;8310;"Eukaryota";"Archaeplastida";"Chlorophyta";"Chlorophyta_X";"Chloropicophyceae";"Chloropicales";"Chloropicaceae";"Chloroparvula";"Chloroparvula_pacifica"
"ASV0050";"ATTCCAGCTCCAATAGCGTATATTTAAGTTGTTGCAGTTAAAAAGCTCGTAGTCGGATTTTGGCTGAGAACGGTCGGTCCGCCGTTAGGTGTGCACTGACTGGTCTCAGCTTCCTGGTGAGGAGGTGTGCTTTATCGCCACTTAGTCACCGTGGTTACTTTGAAAAAATTAGAGTGTTCAAAGCGGGCTTACGCTTGAATATATTAGCATGGAATAACACCATAGGACTCCTGTCCTATTTCGTTGGTCTCGGGACGGGAGTAATGATTAAGAGGAACAGTTGGGGGCATTCGTATTTCATTGTCAGAGGTGAAATTCTTGGATTTATGAAAGACGAACTTCTGCGAAAGCATTTGCCAAGGATGTTTTCATCG";"ASV0050";0;121;133;0;0;70;0;0;22;0;0;29;28;0;87;18;20;222;0;55;46;0;35;104;284;388;310;281;377;291;273;406;262;209;400;279;166;24;192;116;145;0;0;32;48;17;65;185;0;0;267;178;18;125;124;219;292;159;71;140;171;175;293;375;615;3760;643;614;1965;7972;"Eukaryota";"Archaeplastida";"Chlorophyta";"Chlorophyta_X";"Mamiellophyceae";"Mamiellales";"Bathycoccaceae";"Ostreococcus";"Ostreococcus_lucimarinus"
"ASV0052";"ATTCCAGCTCCAGAAGCGTATATTAAAGTTGTTGCAGTTAAAACGCTCGTAGTCGGGTTTCGGGTCGGGCCGAGCGGTCTGCCGATGGGTATGCACTGTTTGGCGCGGCCTTCTTTCCGGAGACCGCGGCTACTCTTAACTGAGCGGGCGTGGGAGACGGATCGTTTACTTTGAAAAAATCAGAGTGTTTCAAGCAGGCAGCTCGCTCTTGCATGGTACAGCATGGGATGATTGAATAGGACTCCGGTGCTATTTTGTTGGTTTCGAACACCAGGAGTAATGATTAACAGGGACAGTCAGGGGCACTCGTATTCCGTCGAGAGAGGTGAAATTCTCAGACCAATGGAAGACGAACCACTGCGAAAGCATTTGCCAGGGATGTTTTCATCA";"ASV0052";2517;121;74;91;101;37;46;273;149;58;223;166;280;0;0;234;75;48;92;64;0;0;0;0;906;43;43;560;0;50;146;39;0;170;42;161;0;85;78;0;0;22;0;125;48;129;56;109;80;0;0;20;0;0;0;0;0;0;15;97;0;61;56;3856;793;2160;163;569;249;7790;"Eukaryota";"Haptista";"Haptophyta";"Haptophyta_X";"Prymnesiophyceae";"Phaeocystales";"Phaeocystaceae";"Phaeocystis";"Phaeocystis_globosa"
"ASV0053";"ATTCCAGCTCCAATAGCGTATATTTAAGTTGTTGCAGTTAAAAAGCTCGTAGTCGGATTTTGGCTGAGAACGGTCGGTCCGCCGTTAGGTGTGCACTGACTGGTCTCAGCTTCCTGGTGAGGAGGTGTGCTTTATCGCCACTTAGTCACCGTGGTTACTTTGAAAAAATTAGAGTGTTCAAAGCGGGCTTACGCTTGAATATATTAGCATGGAATAACACCATAGGACTCCTGTCCTATTTCGTTGGTCTCGGGACGGGAGTAATGATTAAGAGGAACAGTTGGGGGCATTCGTATTTCATTGTCAGAGGTGAAATTCTTGGATTTATGAAAGACGAACTTCTGCGAAAGCATTTGCCAAGGATGTTTTCATTA";"ASV0053";0;80;94;0;0;70;0;0;18;0;0;14;13;0;85;26;17;182;0;37;49;0;38;108;268;415;336;257;322;261;236;356;229;214;377;234;182;17;172;131;160;0;0;14;50;22;46;181;0;0;249;166;15;100;107;197;266;166;92;137;158;197;236;276;555;3505;662;562;1837;7397;"Eukaryota";"Archaeplastida";"Chlorophyta";"Chlorophyta_X";"Mamiellophyceae";"Mamiellales";"Bathycoccaceae";"Ostreococcus";"Ostreococcus_lucimarinus"
"ASV0056";"ATTCCAGCTCCAATAGCGTATATTAATGTTGTTGCAGTTAAAAAGCTCGTAGTTGGATTCCTGACCTGGGGTAGCCGGTCCGCCTTGCAAAAGGTGCGCACTGAGCGGCCTCGGTCATCCTTGAGAAGAGCGGTCCTGGCATTCAGTTGTCGGGGTCGGGATTCTCGACGTTTACTGTGAAAAAATCAGAGTGTTCAACGCAGGCTTACGCCTTGAATACATTAGCATGGAATAATGAGATAGGACCTTGGCGGTCTATTTTGTTGGTTTGCACGCCGAGGTAATGATTAAAAGGGACGGTTGGGGTTCTTCGTATTCAATTGTCAGAGGTGAAATTCTTGGATTTATGGAAGACGAACTGCTGCGAAAGCGTCGAACAAGGACGTTCTCATCA";"ASV0056";0;41;767;0;21;425;0;8;612;0;0;964;78;30;57;92;59;194;0;68;30;0;120;131;86;47;261;52;34;307;109;35;184;252;40;530;314;14;273;211;252;0;0;33;0;62;44;62;49;0;3;13;21;0;10;24;0;0;28;0;9;98;0;2838;859;1937;1064;253;203;7154;"Eukaryota";"TSAR";"Stramenopiles";"Gyrista";"Pelagophyceae";"Pelagomonadales";"Pelagomonadaceae";"Pelagomonas";"Pelagomonas_calceolata"
"ASV0063";"ATTCCAGCTCTAATAGCGTATATTAAAGTTGTTGCAGTTAAAAAGCTCGTAGTCGGATGTCGGGCTCGGGCAGGCTGTCGGCTTCGGTCGGACGGCAGGCTCGGGTCTTTCTGCCTGAGGATCCCGTTGCACTTAATTGTGGGGCGTGGGGACGCAGGCCGTTTACTTTGAAAAAATTAGAGTGTTCAAAGCAGGCCTACGCTTGAATACATTAGCATGGAATAATGGAATAGGACTTTGGTGCTATTTTGTTGGTTTATGGGACCGAAGTAATGATTAACAGGGACAGTTGGGGCCGTTTATATTTCGTTGTCAGAGGTGAAATTCTTGGATTTACGAAAGATAAACTTCTGCGAAAGCATTCGGCAAGGATGTTTTCATCA";"ASV0063";0;82;100;10;110;85;0;149;147;0;48;182;716;43;197;213;12;132;82;109;62;80;117;206;92;104;83;47;83;137;111;101;90;144;51;221;112;56;126;103;68;0;0;0;0;17;54;82;34;0;127;86;45;110;159;86;92;150;25;98;92;84;77;913;1969;1264;465;314;1104;6029;"Eukaryota";"Cryptista";"Cryptophyta";"Cryptophyta_X";"Cryptophyceae";"Cryptomonadales";"Cryptomonadales_X";"Teleaulax";"Teleaulax_gracilis"
"ASV0064";"ATTCCAGCTCCAATAGCGTATATTTAAGTTGTTGCAGTTAAAAAGCTCGTAGTTGGATTTCGGGCCCAGGTGACCGGTCCGCCGTTTCGGTGTGCACTGGTTAGCTCGGTCTTTCTGCCGGGGACGCGCTCCGTCTTAATTGCCGGACGCGGAGTCGGCGATGTTACTTTGAAAAAATTAGAGTGTTCAAAGCAGGCTTACGCTCTGAATACTATAGCATGGAATAACACGATAGGACTCCGAGCCTATTTTGTTGGTCTTCGGGACCGGAGTAATGATTAAGAGGGACAGTTGGGGGCATTCGTATTACGGTGTCAGAGGTGAAATTCTTGGATTTCCGTAAGACGAACTTCTGCGAAAGCATTTGCCAAGGATGTTTTCATCG";"ASV0064";0;168;300;0;40;475;0;0;131;0;20;123;0;35;715;0;62;246;56;38;951;73;0;221;0;0;99;0;78;65;0;75;127;0;51;633;330;61;187;80;192;0;0;0;21;0;58;0;0;29;0;0;45;37;0;35;0;0;0;62;0;46;28;1257;2397;1128;850;108;253;5993;"Eukaryota";"Archaeplastida";"Chlorophyta";"Chlorophyta_X";"Chloropicophyceae";"Chloropicales";"Chloropicaceae";"Chloroparvula";"Chloroparvula_pacifica"
"ASV0071";"ATTCCAGCTCCAGAAGCGTATATTAAAGTTGTTGCAGTTAAAACGCTCGTAGTCGGGTTTCGGGTCGGGCCGAGCGGTCTGCCGATGGGTATGCACTGTTTGGCGCGGCCTTCTTTCCGGAGACCGCGGCTACTCTTAACTGAGCGGGCGTGGGAGACGGATCGTTTACTTTGAAAAAATCAGAGTGTTTCAAGCAGGCAGCTCGCTCTTGCATGGTACAGCATGGGATGATTGAATAGGACTCCGGTGCTATTTTGTTGGTTTCGAACACCAGGAGTAATGATTAACAGGGACAGTCAGGGGCACTCGTATTCCGTCGAGAGAGGTGAAATTCTCAGACCAATGGAAGACGAACCACTGCGAAAGCATTTGCCAGGGATGTTTTCATCG";"ASV0071";1911;111;51;0;72;61;0;193;114;0;196;119;233;75;42;178;0;0;58;90;21;27;98;67;662;0;44;407;57;70;162;0;91;161;0;98;0;51;0;41;0;0;0;0;0;0;0;0;0;0;38;0;0;0;0;0;0;0;0;78;21;0;0;2828;889;1752;92;38;99;5698;"Eukaryota";"Haptista";"Haptophyta";"Haptophyta_X";"Prymnesiophyceae";"Phaeocystales";"Phaeocystaceae";"Phaeocystis";"Phaeocystis_globosa"
"ASV0072";"ATTCCAGCTCCAATAGCGTATATTAATGTTGTTGCAGTTAAAAAGCTCGTAGTTGGATTCCTGACCTGGGGTAGCCGGTCCGCCTTGCAAAAGGTGCGCACTGAGCGGCCTCGGTCATCCTTGAGAAGAGCGGTCCTGGCATTCAGTTGTCGGGGTCGGGATTCTCGACGTTTACTGTGAAAAAATCAGAGTGTTCAACGCAGGCTTACGCCTTGAATACATTAGCATGGAATAATGAGATAGGACCTTGGCGGTCTATTTTGTTGGTTTGCACGCCGAGGTAATGATTAAAAGGGACGGTTGGGGTTCTTCGTATTCAATTGTCAGAGGTGAAATTCTTGGATTTATGGAAGACGAACTGCTGCGAAAGCGTCGAACAAGGACGTTCTCATCG";"ASV0072";0;39;564;0;28;336;0;0;474;0;25;726;0;0;57;58;0;162;35;50;20;0;95;98;60;38;209;44;48;235;107;69;184;195;30;409;307;7;249;206;218;0;0;0;0;0;33;63;0;34;3;0;0;0;0;21;0;0;0;0;0;84;0;2192;575;1628;987;133;105;5620;"Eukaryota";"TSAR";"Stramenopiles";"Gyrista";"Pelagophyceae";"Pelagomonadales";"Pelagomonadaceae";"Pelagomonas";"Pelagomonas_calceolata"
"ASV0073";"ATTCCAGCTCCAATAGCGTATATTTAAGTTGTTGCAGTTAAAAAGCTCGTAGTTGGATTTCGGGCCCAGGTGACCGGTCCGCCGTTTCGGTGTGCACTGGTTAGCTCGGTCTTTCTGCCGGGGACGCGCTCCGTCTTAATTGCCGGACGCGGAGTCGGCGATGTTACTTTGAAAAAATTAGAGTGTTCAAAGCAGGCTTACGCTCTGAATACTATAGCATGGAATAACACGATAGGACTCCGAGCCTATTTTGTTGGTCTTCGGGACCGGAGTAATGATTAAGAGGGACAGTTGGGGGCATTCGTATTACGGTGTCAGAGGTGAAATTCTTGGATTTCCGTAAGACGAACTTCTGCGAAAGCATTTGCCAAGGATGTTTTCATTA";"ASV0073";0;159;272;0;43;523;0;0;124;0;31;116;0;24;768;0;82;268;0;28;946;0;48;232;0;0;121;0;30;70;0;50;109;0;28;536;262;55;204;70;172;0;0;0;12;0;67;0;0;0;0;0;0;37;0;22;0;0;0;85;0;15;0;1268;2396;944;763;79;159;5609;"Eukaryota";"Archaeplastida";"Chlorophyta";"Chlorophyta_X";"Chloropicophyceae";"Chloropicales";"Chloropicaceae";"Chloroparvula";"Chloroparvula_pacifica"
"ASV0077";"ATTCCAGCTCCAATAGCGTATATTTAAGTTGTTGCGGTTAAAAAGCTCGTAGTTGGATTTCGGGCGTGGAGGTTCGGTCCGCCGTTTCGGTGTGCACTGTCTTTCTGCGTCTTTCTGTCGGGGACGCGCTTCTGGCCTTAATTGGCTGGGACGTGGATTCGACGAGGTTACTTTGAAAAAATTAGAGTGTTCAAAGCAAGCTAAAGCTCTGAATACATTAGCATGGAATAACGCGAGAGGACTCGGTCCTTATTTTGTTGGTCTTCAAGGATGGAGTAATGATTAAGAGGGACAGTTGGGGGCATTCGTATTTCATTGCTAGAGGTGAAATTCTTGGATTTATGAAAGACGAACTTCTGCGAAAGCATTTGCCAAGGATGTTTTCATCA";"ASV0077";0;889;0;0;334;89;113;181;34;68;197;0;57;109;173;291;193;37;180;156;364;198;117;101;62;129;0;0;148;0;0;107;63;48;97;59;110;147;93;49;81;0;0;0;0;0;0;80;0;16;142;0;0;0;0;90;0;0;38;0;0;45;32;1905;1976;713;480;238;205;5517;"Eukaryota";"Archaeplastida";"Chlorophyta";"Chlorophyta_X";"Pyramimonadophyceae";"Pseudoscourfieldiales";"Pycnococcaceae";"Pycnococcaceae_X";"Pycnococcaceae_X_sp."
"ASV0081";"ATTCCAGCTCCAGAAGCGTATATTAAAGTTGTTGCAGTTAAAACGCTCGTAGTCGGGTTTCGGGTCGGGCCGAGCGGTCTGCCGATGGGTATGCACTGTTTGGCGCGGCCTTCTTTCCGGAGACCGCGGCTACTCTTAACTGAGCGGGCGTGGGAGACGGATCGTTTACTTTGAAAAAATCAGAGTGTTTCAAGCAGGCAGCTCGCTCTTGCATGGTACAGCATGGGATGATTGAATAGGACTCCGGTGCTATTTTGTTGGTTTCGAACACCAGGAGTAATGATTAACAGGGACAGTCAGGGGCACTCGTATTCCGTCGAGAGAGGTGAAATTCTCAGACCAATGGAAGACGAACCACTGCGAAAGCATTTGCCAGGGATGTTTTCATTA";"ASV0081";1868;105;53;0;75;28;0;208;122;0;186;101;190;0;0;185;0;0;56;37;0;86;47;0;603;0;73;419;0;43;124;0;35;167;0;116;72;42;0;0;34;0;0;0;0;0;0;36;0;16;87;0;0;0;44;0;0;24;0;76;0;0;0;2746;601;1580;148;139;144;5358;"Eukaryota";"Haptista";"Haptophyta";"Haptophyta_X";"Prymnesiophyceae";"Phaeocystales";"Phaeocystaceae";"Phaeocystis";"Phaeocystis_globosa"
"ASV0083";"ATTCCAGCTCCAATAGCGTATATTAATGTTGTTGCAGTTAAAAAGCTCGTAGTTGGATTCCTGACCTGGGGTAGCCGGTCCGCCTTGCAAAAGGTGCGCACTGAGCGGCCTCGGTCATCCTTGAGAAGAGCGGTCCTGGCATTCAGTTGTCGGGGTCGGGATTCTCGACGTTTACTGTGAAAAAATCAGAGTGTTCAACGCAGGCTTACGCCTTGAATACATTAGCATGGAATAATGAGATAGGACCTTGGCGGTCTATTTTGTTGGTTTGCACGCCGAGGTAATGATTAAAAGGGACGGTTGGGGTTCTTCGTATTCAATTGTCAGAGGTGAAATTCTTGGATTTATGGAAGACGAACTGCTGCGAAAGCGTCGAACAAGGACGTTCTCATTA";"ASV0083";0;36;538;0;24;300;0;0;407;0;0;756;0;0;48;83;0;149;24;65;8;24;79;86;47;36;213;65;72;206;85;30;159;147;32;397;268;13;221;188;194;20;0;0;24;0;25;50;0;0;4;0;0;0;0;30;0;0;19;0;0;85;0;2061;566;1489;884;123;134;5257;"Eukaryota";"TSAR";"Stramenopiles";"Gyrista";"Pelagophyceae";"Pelagomonadales";"Pelagomonadaceae";"Pelagomonas";"Pelagomonas_calceolata"
"ASV0085";"ATTCCAGCTCCAATAGCGTATATTTAAGTTGTTGCAGTTAAAAAGCTCGTAGTTGGATTTCGGGCCCAGGTGACCGGTCCGCCGTTTCGGTGTGCACTGGTTAGCTCGGTCTTTCTGCCGGGGACGCGCTCCGTCTTGATTGCCGGACGCGGAGTCGGCGATGTTACTTTGAAAAAATTAGAGTGTTCAAAGCAGGCTTACGCTCTGAATACTATAGCATGGAATAACACGATAGGACTCCGAGCCTATTTTGTTGGTCTTCGGGACCGGAGTAATGATTAAGAGGGACAGTTGGGGGCATTCGTATTACGGTGTCAGAGGTGAAATTCTTGGATTTCCGTAAGACGAACTTCTGCGAAAGCATTTGCCAAGGATGTTTTCATCA";"ASV0085";0;78;459;0;14;1187;0;0;165;0;22;260;0;16;388;27;41;123;0;12;545;0;0;110;52;30;59;0;28;48;0;27;85;0;36;359;184;22;128;72;142;0;0;0;47;0;73;0;0;85;31;0;0;34;0;42;0;0;28;0;0;0;0;2185;1262;724;548;236;104;5059;"Eukaryota";"Archaeplastida";"Chlorophyta";"Chlorophyta_X";"Chloropicophyceae";"Chloropicales";"Chloropicaceae";"Chloroparvula";"Chloroparvula_pacifica"
"ASV0086";"ATTCCAGCTCCAATAGCGTATATTAAAGTTGTTGCAGTTAAAAAGCTCGTAGTTGGATTTCTGGTGGGAGCGATCGGTCTGGCGCTTAGCGCGAGTACTTGCATCGTCTCCGGCCATCCTTGGGGAGAGTTTGTCTGGCATTAAGTTGTCGGGCAGAGGATCCTCATCGTTTACTGTGAAAAAATTAGAGTGTTCAAAGCAGGCTTATGCCGTTGAATATATTAGCATGGAATAATAAGATAGGACTTTGGTACTATTTTGTTGGTTTGCGCACCAAAGTAATGATTAATAGGGACAGTTGGGGGTATTCGTATTCCGTTGTCAGAGGTGAAATTCTTGGATTTACGGAAGACGAACTACTGCGAAAGCATTTACCAAGGATGTTTTCATCA";"ASV0086";0;154;0;0;64;0;0;81;0;0;36;0;0;0;0;46;38;42;0;49;0;0;0;93;0;0;0;0;0;0;0;231;21;0;214;0;628;0;550;980;839;0;0;123;0;62;36;0;49;0;0;0;0;138;119;0;124;127;12;68;0;0;39;335;268;466;2997;270;627;4963;"Eukaryota";"TSAR";"Stramenopiles";"Gyrista";"Mediophyceae";"Cymatosirales";"Cymatosiraceae";NA;NA
"ASV0097";"ATTCCAGCTCTAATAGCGTATATTAAAGTTGTTGCAGTTAAAAAGCTCGTAGTCGGATGTCGGGCTCGGGCAGGCTGTCGGCTTCGGTCGGACGGCAGGCTCGGGTCTTTCTGCCTGAGGATCCCGTTGCACTTAATTGTGGGGCGTGGGGACGCAGGCCGTTTACTTTGAAAAAATTAGAGTGTTCAAAGCAGGCCTACGCTTGAATACATTAGCATGGAATAATGGAATAGGACTTTGGTGCTATTTTGTTGGTTTATGGGACCGAAGTAATGATTAACAGGGACAGTTGGGGCCGTTTATATTTCGTTGTCAGAGGTGAAATTCTTGGATTTACGAAAGATAAACTTCTGCGAAAGCATTCGGCAAGGATGTTTTCATCG";"ASV0097";0;61;84;0;86;68;0;0;115;0;42;137;587;0;131;136;10;85;68;64;43;68;89;153;58;65;71;34;79;93;105;82;64;128;44;140;88;42;93;86;69;0;0;29;0;0;0;52;0;0;87;46;0;83;131;76;69;107;31;121;72;68;76;593;1434;963;378;168;880;4416;"Eukaryota";"Cryptista";"Cryptophyta";"Cryptophyta_X";"Cryptophyceae";"Cryptomonadales";"Cryptomonadales_X";"Teleaulax";"Teleaulax_gracilis"
"ASV0101";"ATTCCAGCTCCAATAGCGTATATTAATGTTGTTGCAGTTAAAAAGCTCGTAGTTGGATTCCTGGCACGGGGTAGCCGGTCCGCCTTGCAAAAGGTGCGCACTGAGCGGCCTCGGCCATCCTTGGGAAGAGCGGTCCTGGCATTTAGTTGTCGGGGTCGGGATTCCCGACGTTTACTGTGAAAAAATCAGAGTGTTCAACGCAGGCTTACGCCTTGAATACATTAGCATGGAATAATGAGATAGGACCTTGGCGGTCTATTTTGTTGGTTTGCACGCCGAGGTAATGATTAAAAGGGACGGTTGGGGTTCTTCGTATTCAATTGTCAGAGGTGAAATTCTTGGATTTATGGAAGACGAACTGCTGCGAAAGCGTCGAACAAGGACGTTCTCATCA";"ASV0101";0;6;373;0;1;208;0;13;515;0;0;949;15;0;48;7;0;136;0;11;16;0;6;71;8;11;196;8;3;203;19;10;136;30;13;477;48;13;47;47;39;0;0;51;0;39;27;75;27;0;95;63;0;0;42;2;0;46;0;98;26;2;0;2065;310;1114;194;314;279;4276;"Eukaryota";"TSAR";"Stramenopiles";"Gyrista";"Pelagophyceae";"Pelagomonadales";"Pelagomonadales_clade_B";NA;NA
"ASV0102";"ATTCCAGCTCCAATAGCGTATATTTAAGTTGTTGCAGTTAAAAAGCTCGTAGTTGGATTTCGGGCCCAGGTGACCGGTCCGCCGTTTCGGTGTGCACTGGTTAGCTCGGTCTTTCTGCCGGGGACGCGCTCCGTCTTGATTGCCGGACGCGGAGTCGGCGATGTTACTTTGAAAAAATTAGAGTGTTCAAAGCAGGCTTACGCTCTGAATACTATAGCATGGAATAACACGATAGGACTCCGAGCCTATTTTGTTGGTCTTCGGGACCGGAGTAATGATTAAGAGGGACAGTTGGGGGCATTCGTATTACGGTGTCAGAGGTGAAATTCTTGGATTTCCGTAAGACGAACTTCTGCGAAAGCATTTGCCAAGGATGTTTTCATCG";"ASV0102";0;77;386;23;19;872;49;0;183;0;20;198;0;15;328;0;38;102;0;14;433;0;0;110;0;0;50;0;29;37;0;51;68;68;29;274;159;12;108;49;118;0;0;0;38;0;66;0;0;37;0;0;0;32;0;51;0;0;0;0;0;33;0;1827;1040;606;446;141;116;4176;"Eukaryota";"Archaeplastida";"Chlorophyta";"Chlorophyta_X";"Chloropicophyceae";"Chloropicales";"Chloropicaceae";"Chloroparvula";"Chloroparvula_pacifica"
"ASV0104";"ATTCCAGCTCTAATAGCGTATATTAAAGTTGTTGCAGTTAAAAAGCTCGTAGTCGGATGTCGGGCTCGGGCAGGCTGTCGGCTTCGGTCGGACGGCAGGCTCGGGTCTTTCTGCCTGAGGATCCATCTCATTCACTTGGGGTGGGGACGCAGGCCGTTTACTTTGAAAAAATTAGAGTGTTCAAAGCAGGCCTACGCTTGAATACATTAGCATGGAATAATGGAATAGGACTTTGGTGCTATTTTGTTGGTTTATGGGACCGAAGTAATGATTAACAGGGACAGTTGGGGCCGTTTATATTTCGTTGTCAGAGGTGAAATTCTTGGATTTACGAAAGATAAACTTCTGCGAAAGCATTCGGCAAGGATGTTTTCATCA";"ASV0104";0;90;98;0;38;75;0;9;176;0;4;191;48;19;141;84;17;153;27;65;53;9;66;219;35;60;83;47;86;145;126;163;107;159;120;200;99;24;232;203;204;18;0;0;0;44;0;198;52;0;66;10;2;0;37;16;0;10;3;0;9;10;12;681;901;1331;762;378;109;4162;"Eukaryota";"Cryptista";"Cryptophyta";"Cryptophyta_X";"Cryptophyceae";"Cryptomonadales";"Cryptomonadales_X";"Teleaulax";"Teleaulax_sp."
"ASV0107";"ATTCCAGCTCTAATAGCGTATATTAAAGTTGTTGCAGTTAAAAAGCTCGTAGTCGGATGTCGGGCTCGGGCAGGCTGTCGGCTTCGGTCGGACGGCAGGCTCGGGTCTTTCTGCCTGAGGATCCCGTTGCACTTAATTGTGGGGCGTGGGGACGCAGGCCGTTTACTTTGAAAAAATTAGAGTGTTCAAAGCAGGCCTACGCTTGAATACATTAGCATGGAATAATGGAATAGGACTTTGGTGCTATTTTGTTGGTTTATGGGACCGAAGTAATGATTAACAGGGACAGTTGGGGCCGTTTATATTTCGTTGTCAGAGGTGAAATTCTTGGATTTACGAAAGATAAACTTCTGCGAAAGCATTCGGCAAGGATGTTTTCATTA";"ASV0107";0;41;117;0;72;76;0;0;83;0;37;104;501;0;113;161;21;90;58;54;38;79;79;128;58;57;56;41;72;85;109;54;70;107;38;159;96;35;76;86;68;0;0;63;0;0;0;49;0;0;84;43;37;86;105;51;53;114;22;115;52;53;73;530;1322;906;361;196;804;4119;"Eukaryota";"Cryptista";"Cryptophyta";"Cryptophyta_X";"Cryptophyceae";"Cryptomonadales";"Cryptomonadales_X";"Teleaulax";"Teleaulax_gracilis"
"ASV0118";"ATTCCAGCTCCAATAGCGTATATTTAAGTTGTTGCAGTTAAAAAGCTCGTAGTTGGATTTCGGGCCCAGGTGACCGGTCCGCCGTTTCGGTGTGCACTGGTTAGCTCGGTCTTTCTGCCGGGGACGCGCTCCGTCTTGATTGCCGGACGCGGAGTCGGCGATGTTACTTTGAAAAAATTAGAGTGTTCAAAGCAGGCTTACGCTCTGAATACTATAGCATGGAATAACACGATAGGACTCCGAGCCTATTTTGTTGGTCTTCGGGACCGGAGTAATGATTAAGAGGGACAGTTGGGGGCATTCGTATTACGGTGTCAGAGGTGAAATTCTTGGATTTCCGTAAGACGAACTTCTGCGAAAGCATTTGCCAAGGATGTTTTCATTA";"ASV0118";0;62;334;0;9;883;0;0;138;0;36;194;0;13;292;0;30;87;0;15;366;0;0;113;0;0;31;27;23;44;0;27;53;0;25;326;137;16;95;45;89;0;27;0;40;0;52;0;0;0;0;0;0;29;0;29;0;0;0;0;0;9;0;1656;916;556;382;119;67;3696;"Eukaryota";"Archaeplastida";"Chlorophyta";"Chlorophyta_X";"Chloropicophyceae";"Chloropicales";"Chloropicaceae";"Chloroparvula";"Chloroparvula_pacifica"
"ASV0120";"ATTCCAGCTCCAATAGCGTATATTTAAGTTGTTGCGGTTAAAAAGCTCGTAGTTGGATTTCGGGCGTGGAGGTTCGGTCCGCCGTTTCGGTGTGCACTGTCTTTCTGCGTCTTTCTGTCGGGGACGCGCTTCTGGCCTTAATTGGCTGGGACGTGGATTCGACGAGGTTACTTTGAAAAAATTAGAGTGTTCAAAGCAAGCTAAAGCTCTGAATACATTAGCATGGAATAACGCGAGAGGACTCGGTCCTTATTTTGTTGGTCTTCAAGGATGGAGTAATGATTAAGAGGGACAGTTGGGGGCATTCGTATTTCATTGCTAGAGGTGAAATTCTTGGATTTATGAAAGACGAACTTCTGCGAAAGCATTTGCCAAGGATGTTTTCATCG";"ASV0120";25;724;0;27;300;0;66;164;0;0;137;0;0;86;166;220;119;46;128;113;214;149;86;67;70;0;0;0;0;0;36;78;0;83;123;0;0;107;63;98;71;0;0;0;0;0;0;87;0;0;0;0;14;0;15;0;0;0;0;0;0;0;0;1443;1394;390;339;87;29;3682;"Eukaryota";"Archaeplastida";"Chlorophyta";"Chlorophyta_X";"Pyramimonadophyceae";"Pseudoscourfieldiales";"Pycnococcaceae";"Pycnococcaceae_X";"Pycnococcaceae_X_sp."
"ASV0127";"ATTCCAGCTCCAATAGCGTATATTTAAGTTGTTGCGGTTAAAAAGCTCGTAGTTGGATTTCGGGCGTGGAGGTTCGGTCCGCCGTTTCGGTGTGCACTGTCTTTCTGCGTCTTTCTGTCGGGGACGCGCTTCTGGCCTTAATTGGCTGGGACGTGGATTCGACGAGGTTACTTTGAAAAAATTAGAGTGTTCAAAGCAAGCTAAAGCTCTGAATACATTAGCATGGAATAACGCGAGAGGACTCGGTCCTTATTTTGTTGGTCTTCAAGGATGGAGTAATGATTAAGAGGGACAGTTGGGGGCATTCGTATTTCATTGCTAGAGGTGAAATTCTTGGATTTATGAAAGACGAACTTCTGCGAAAGCATTTGCCAAGGATGTTTTCATTA";"ASV0127";0;645;0;0;241;0;62;152;0;0;175;0;0;91;162;227;121;73;119;123;185;113;79;81;80;0;0;41;0;36;67;73;0;48;70;0;0;104;64;47;47;0;0;0;45;0;36;0;0;0;0;0;0;0;0;0;29;0;0;0;0;0;0;1275;1374;415;262;81;29;3436;"Eukaryota";"Archaeplastida";"Chlorophyta";"Chlorophyta_X";"Pyramimonadophyceae";"Pseudoscourfieldiales";"Pycnococcaceae";"Pycnococcaceae_X";"Pycnococcaceae_X_sp."
"ASV0134";"ATTCCAGCTCCAATAGCGTATATTAATGTTGTTGCAGTTAAAAAGCTCGTAGTTGGATTCCTGGCACGGGGTAGCCGGTCCGCCTTGCAAAAGGTGCGCACTGAGCGGCCTCGGCCATCCTTGGGAAGAGCGGTCCTGGCATTTAGTTGTCGGGGTCGGGATTCCCGACGTTTACTGTGAAAAAATCAGAGTGTTCAACGCAGGCTTACGCCTTGAATACATTAGCATGGAATAATGAGATAGGACCTTGGCGGTCTATTTTGTTGGTTTGCACGCCGAGGTAATGATTAAAAGGGACGGTTGGGGTTCTTCGTATTCAATTGTCAGAGGTGAAATTCTTGGATTTATGGAAGACGAACTGCTGCGAAAGCGTCGAACAAGGACGTTCTCATCG";"ASV0134";0;7;271;0;2;180;0;0;378;0;0;727;0;0;42;12;0;88;18;17;14;0;10;60;5;14;192;6;7;191;11;12;117;27;10;359;34;20;44;28;32;0;0;0;0;0;11;50;0;19;76;0;0;0;0;5;38;0;0;87;0;4;0;1565;261;951;158;156;134;3225;"Eukaryota";"TSAR";"Stramenopiles";"Gyrista";"Pelagophyceae";"Pelagomonadales";"Pelagomonadales_clade_B";"Pelagomonadales_clade_B1";"Pelagomonadales_clade_B1_sp."
"ASV0135";"ATTCCAGCTCCAATAGCGTATATTAAAGTTGTTGCAGTTAAAAAGCTCGTAGTTGGATTTCTGGTGGGAGCGATCGGTCTGGCGCTTAGCGCGAGTACTTGCATCGTCTCCGGCCATCCTTGGGGAGAGTTTGTCTGGCATTAAGTTGTCGGGCAGAGGATCCTCATCGTTTACTGTGAAAAAATTAGAGTGTTCAAAGCAGGCTTATGCCGTTGAATATATTAGCATGGAATAATAAGATAGGACTTTGGTACTATTTTGTTGGTTTGCGCACCAAAGTAATGATTAATAGGGACAGTTGGGGGTATTCGTATTCCGTTGTCAGAGGTGAAATTCTTGGATTTACGGAAGACGAACTACTGCGAAAGCATTTACCAAGGATGTTTTCATTA";"ASV0135";0;0;0;0;0;0;0;0;40;0;0;0;22;0;35;0;0;0;0;0;65;0;0;0;0;0;0;0;34;0;13;171;0;0;122;0;499;45;393;644;613;38;0;0;0;0;0;0;41;0;0;27;0;89;91;25;0;0;0;49;88;0;61;40;122;340;2194;79;430;3205;"Eukaryota";"TSAR";"Stramenopiles";"Gyrista";"Mediophyceae";"Cymatosirales";"Cymatosiraceae";NA;NA
"ASV0142";"ATTCCAGCTCTAATAGCGTATATTAAAGTTGTTGCAGTTAAAAAGCTCGTAGTCGGATGTCGGGCTCGGGCAGGCTGTCGGCTTCGGTCGGACGGCAGGCTCGGGTCTTTCTGCCTGAGGATCCATCTCATTCACTTGGGGTGGGGACGCAGGCCGTTTACTTTGAAAAAATTAGAGTGTTCAAAGCAGGCCTACGCTTGAATACATTAGCATGGAATAATGGAATAGGACTTTGGTGCTATTTTGTTGGTTTATGGGACCGAAGTAATGATTAACAGGGACAGTTGGGGCCGTTTATATTTCGTTGTCAGAGGTGAAATTCTTGGATTTACGAAAGATAAACTTCTGCGAAAGCATTCGGCAAGGATGTTTTCATCG";"ASV0142";0;67;88;0;28;67;0;0;135;0;3;155;40;0;109;83;15;97;25;72;44;5;33;163;32;32;76;26;70;84;100;109;71;130;75;173;80;17;202;154;144;0;0;12;0;0;0;131;0;0;52;5;0;0;10;14;0;9;5;0;7;12;18;543;686;978;597;195;80;3079;"Eukaryota";"Cryptista";"Cryptophyta";"Cryptophyta_X";"Cryptophyceae";"Cryptomonadales";"Cryptomonadales_X";"Teleaulax";"Teleaulax_sp."
"ASV0143";"ATTCCAGCTCCAATAGCGTATATTAAAGTTGTTGCAGTTAAAAAGCTCGTAGTTGGATTTCTGGCAGGAGCGACCGGTCACGCACTCTGTGCGTGAACTTGTGTTGTCTCTGGCCATCCTCGGGGAGATCCTGTTTGGCATTAAGTTGTCGGGCAGGGGATACCCGTCGTTTACTGTGAAAAAATTAGAGTGTTTAAAGCAGGCTTATGCCGTTGAATATATTAGCATGGAATAATAAGATAGGACTTCGGAACTATTTTGTTGGTTTGCGTTACGAAGTAATGATTAATAGGGACAGTTGGGGGTATTCGTATTTCGTTGTCAGAGGTGAAATTCTTGGATTTCCGAAAGACGAACTACTGCGAAAGCATTTACCAAGGATGTTTTCATCA";"ASV0143";0;0;27;0;0;64;0;0;257;0;0;151;67;0;23;5;0;42;0;0;43;0;0;0;35;0;108;0;0;107;0;0;82;0;0;0;0;1462;0;0;0;0;0;0;0;0;16;311;0;0;69;0;0;0;0;0;0;0;0;98;0;0;84;499;180;332;1462;396;182;3051;"Eukaryota";"TSAR";"Stramenopiles";"Gyrista";"Mediophyceae";"Thalassiosirales";"Thalassiosiraceae";"Thalassiosira";NA
"ASV0145";"ATTCCAGCTCCAATAGCGTATATTAATGTTGTTGCAGTTAAAAAGCTCGTAGTTGGATTCCTGGCACGGGGTAGCCGGTCCGCCTTGCAAAAGGTGCGCACTGAGCGGCCTCGGCCATCCTTGGGAAGAGCGGTCCTGGCATTTAGTTGTCGGGGTCGGGATTCCCGACGTTTACTGTGAAAAAATCAGAGTGTTCAACGCAGGCTTACGCCTTGAATACATTAGCATGGAATAATGAGATAGGACCTTGGCGGTCTATTTTGTTGGTTTGCACGCCGAGGTAATGATTAAAAGGGACGGTTGGGGTTCTTCGTATTCAATTGTCAGAGGTGAAATTCTTGGATTTATGGAAGACGAACTGCTGCGAAAGCGTCGAACAAGGACGTTCTCATTA";"ASV0145";0;6;266;0;4;172;0;0;400;0;0;659;0;0;39;6;0;99;3;13;16;0;6;62;4;8;147;11;9;188;11;7;77;17;6;343;45;14;40;20;34;0;0;0;21;0;7;47;0;0;66;0;0;0;0;2;79;0;0;76;0;7;0;1507;244;828;153;141;164;3037;"Eukaryota";"TSAR";"Stramenopiles";"Gyrista";"Pelagophyceae";"Pelagomonadales";"Pelagomonadales_clade_B";NA;NA
"ASV0147";"ATTCCAGCTCTAATAGCGTATATTAAAGTTGTTGCAGTTAAAAAGCTCGTAGTCGGATGTCGGGCTCGGGCAGGCTGTCGGCTTCGGTCGGACGGCAGGCTCGGGTCTTTCTGCCTGAGGATCCATCTCATTCACTTGGGGTGGGGACGCAGGCCGTTTACTTTGAAAAAATTAGAGTGTTCAAAGCAGGCCTACGCTTGAATACATTAGCATGGAATAATGGAATAGGACTTTGGTGCTATTTTGTTGGTTTATGGGACCGAAGTAATGATTAACAGGGACAGTTGGGGCCGTTTATATTTCGTTGTCAGAGGTGAAATTCTTGGATTTACGAAAGATAAACTTCTGCGAAAGCATTCGGCAAGGATGTTTTCATTA";"ASV0147";0;51;86;0;54;63;0;0;130;0;5;146;48;0;99;59;34;106;24;54;64;11;62;152;34;54;67;22;55;84;119;107;85;117;73;123;76;7;169;138;113;0;0;37;0;0;0;139;0;0;50;9;4;0;26;6;0;6;3;0;10;9;7;535;713;940;503;226;80;2997;"Eukaryota";"Cryptista";"Cryptophyta";"Cryptophyta_X";"Cryptophyceae";"Cryptomonadales";"Cryptomonadales_X";"Teleaulax";"Teleaulax_sp."
"ASV0190";"ATTCCAGCTCCAATAGCGTATACTAAAGTTGTTGCAGTTAAAAAGCTCGTAGTCGAATGAAGGTTTCTTGTATAGCGCGGACGTCTAGGTGTAACTTAGATTAGTTTGCGCACAAGAACCTCCCTTGTGTGTCTCAGAGGAGCAAATATTTATTTATTTTGATCCATTTGCGACACACACATTACTGTGAACAAAATAGAGTGTTCATGGCAGGTCAATTTAGGCTTGAATACCTCAGCATGGAATAATAGAATAGGACTTCCGGTTCTATTTTGTTGGTTTTTGGAGCCGAAGTAATGATTAATAGGGATAGTTGGGGGCACTCGTACTCCGTTGTCAGAGGTGAAATTCTAGGATTGACGGAAGACGAACAACTGCGAAAGCATCTGCCAAGGATGTTTTCATCA";"ASV0190";0;0;0;0;0;0;0;0;71;0;0;0;100;0;27;46;0;58;18;0;53;0;97;68;0;55;51;0;81;95;0;41;107;0;66;57;0;46;108;0;45;146;78;0;69;0;190;0;42;107;0;0;14;94;0;51;61;44;0;8;0;39;112;71;467;553;199;632;423;2345;"Eukaryota";"Cryptista";"Cryptophyta";"Cryptophyta_X";"Cryptophyceae";"Cryptomonadales";"Cryptomonadales_X";"Teleaulax";"Teleaulax_amphioxeia"
"ASV0206";"ATTCCAGCTCTAATAGCGTATATTAATGTTGTTGCAGTTAAAAAGCTCGTAGTTGGATTTTGGTGTTTGACAAATGGTCTGCCTTCGGGTCTGCACTGTTTGTTGGCACTTCTTTTCTGGGGAACTCACTGCTCTTAATTGAGGGGTGCTGTAACGCAGATCGTTTACTTTGAAAAAATTAGAGTGTTCAAAGCAGGCCAACGCATTGAATACATTAGCATGGAATAATGGAATAGGACTTTGGTCTTATTTTGTTGGTTTCTAAGGCCGAGGTAATGATTAATAGGGATAGTTGGGGGCGTTTATATTCCGTTGTCAGAGGTGAAATTCTTGGATTTACGGAAGATAAACTACTGCGAAAGCATTCGCCAAGGATGTTTTCATCA";"ASV0206";0;224;34;0;115;12;0;0;77;0;0;47;0;106;0;0;51;0;0;197;0;0;204;0;0;129;0;0;78;28;0;58;47;0;0;0;76;0;134;49;135;88;0;0;0;50;0;51;29;0;73;37;13;0;25;0;0;12;0;0;0;19;0;509;558;340;394;291;106;2198;"Eukaryota";"Cryptista";"Kathablepharidacea";"Kathablepharida";"Kathablepharidea";"Kathablepharidida";"Kathablepharidida_X";"Kathablepharidida_XX";"Kathablepharidida_XX_sp."
"ASV0210";"ATTCCAGCTCCAATAGCGTATATTAATGTTGTTGCAGTTAAAAAGCTCGTAGTTGGATTCCTGGCACGGGGTAGCCGGTCCGCCTTGCAAAAGGTGCGCACTGAGCGGCCTCGGCCATCCTTGCGATGGTCTATCCTGGCATTCAGTTGTCGGGGTGGGGATTCGCGACGTTTACTGTGAAAAAATCAGAGTGTTCAACGCAGGCTTACGCCTTGAATACATTAGCATGGAATAATGAGATAGGACCTTGGCGGTCTATTTTGTTGGTTTGCACGCCGAGGTAATGATTAAAAGGGACGGTTGGGGTTCTTCGTATTCAATTGTCAGAGGTGAAATTCTTGGATTTATGGAAGACGAACTGCTGCGAAAGCGTCGAACAAGGACGTTCTCATCA";"ASV0210";0;9;167;0;0;99;0;0;186;0;0;279;2;0;22;1;1;80;0;10;20;0;6;61;4;20;118;6;13;126;9;22;53;12;33;304;53;8;82;40;45;0;3;11;0;0;6;90;5;0;21;9;17;0;0;29;0;7;23;0;0;46;0;740;203;720;228;136;131;2158;"Eukaryota";"TSAR";"Stramenopiles";"Gyrista";"Pelagophyceae";"Pelagomonadales";"Pelagomonadaceae";"Aureococcus";"Aureococcus_anophagefferens"
"ASV0223";"ATTCCAGCTCCAATAGCGTATATTAATGTTGTTGCAGTTAAAAAGCTCGTAGTTGGATTCCTGGCACGGGGTAGCCGGTCCGCCTTGCAAAAGGTGCGCACTGAGCGGCCTCGGCCATCCTTGGGAAGAGCGGTCCTGGCATTTAGTTGTCGGGGTCGGGATTCCCGACGTTTACTGTGAAAAAATCAGAGTGTTCAACGCAGGCTTACGCCTTGAATACATTAGCATGGAATAATGAGATAGGACCTTGGCGGTCTATTTTGTTGGTTTGCACGCCGAGGTAATGATTAAAAGGGACGGTTGGGGTTCTTCGTATTCAATTGTCAGAGGTGAAATTCTTGGATTTATGGAAGACGAACTGCTGCGAAAGCGTCGAACAAGGACGTTCTCATTG";"ASV0223";0;4;183;0;2;108;0;0;261;0;0;462;0;0;26;10;0;64;0;7;8;0;8;40;6;9;92;0;0;120;6;0;77;20;8;224;35;7;20;7;30;0;0;6;0;9;8;43;13;0;57;0;0;0;0;2;0;0;0;84;0;1;0;1020;163;562;99;136;87;2067;"Eukaryota";"TSAR";"Stramenopiles";"Gyrista";"Pelagophyceae";"Pelagomonadales";"Pelagomonadales_clade_B";NA;NA
"ASV0238";"ATTCCAGCTCCAATAGCGTATATTAAAGTTGTTGCAGTTAAAAAGCTCGTAGTTGGATTTCTGGCAGGAGCGACCGGTCACGCACTCTGTGCGTGAACTTGTGTTGTCTCTGGCCATCCTCGGGGAGATCCTGTTTGGCATTAAGTTGTCGGGCAGGGGATACCCGTCGTTTACTGTGAAAAAATTAGAGTGTTTAAAGCAGGCTTATGCCGTTGAATATATTAGCATGGAATAATAAGATAGGACTTCGGAACTATTTTGTTGGTTTGCGTTACGAAGTAATGATTAATAGGGACAGTTGGGGGTATTCGTATTTCGTTGTCAGAGGTGAAATTCTTGGATTTCCGAAAGACGAACTACTGCGAAAGCATTTACCAAGGATGTTTTCATCG";"ASV0238";0;0;0;0;0;38;0;0;199;0;0;116;52;0;38;0;0;0;0;0;0;7;0;19;0;0;0;0;0;0;0;0;0;0;0;21;0;961;0;0;0;0;0;0;0;0;0;214;0;0;59;0;0;0;0;0;0;0;0;95;0;0;56;353;116;21;961;273;151;1875;"Eukaryota";"TSAR";"Stramenopiles";"Gyrista";"Mediophyceae";"Thalassiosirales";"Thalassiosiraceae";"Thalassiosira";NA
"ASV0261";"ATTCCAGCTCCAATAGCGTATATTAATGTTGTTGCAGTTAAAAAGCTCGTAGTTGGATTCCTGGCACGGGGTAGCCGGTCCGCCTTGCAAAAGGTGCGCACTGAGCGGCCTCGGCCATCCTTGCGATGGTCTATCCTGGCATTCAGTTGTCGGGGTGGGGATTCGCGACGTTTACTGTGAAAAAATCAGAGTGTTCAACGCAGGCTTACGCCTTGAATACATTAGCATGGAATAATGAGATAGGACCTTGGCGGTCTATTTTGTTGGTTTGCACGCCGAGGTAATGATTAAAAGGGACGGTTGGGGTTCTTCGTATTCAATTGTCAGAGGTGAAATTCTTGGATTTATGGAAGACGAACTGCTGCGAAAGCGTCGAACAAGGACGTTCTCATCG";"ASV0261";0;5;105;0;0;67;0;0;192;0;0;258;0;0;35;2;0;55;3;2;9;0;2;35;0;21;68;2;7;100;4;24;73;13;17;263;38;6;61;42;41;0;0;0;0;0;5;71;0;0;13;0;0;0;0;28;0;0;0;0;0;40;0;627;143;592;188;89;68;1707;"Eukaryota";"TSAR";"Stramenopiles";"Gyrista";"Pelagophyceae";"Pelagomonadales";"Pelagomonadaceae";"Aureococcus";"Aureococcus_anophagefferens"
"ASV0270";"ATTCCAGCTCCAATAGCGTATATTTAAGTTGTTGCAGTTAAAAAGCTCGTAGTTGGATTTCGGGTGTGAACGGCCGGTCCGTCTTTGATGTGTACTGGTTGGTTGCGCCTTATTGTCGAGGACATGTTCTGGCTTTCATTAGCTGGACATGGAGTCGGCAGCGTTACTTTGAGAAAATTAGAGTGTTCAAAGCAGGCTATCGCTCTGAATACTACAGCATGGAATAACACGATAGGACTCCGAGCCTATTCTGTTGGTCTTCGGGACCGGAGTAATGATTAAGAGGGACAGTTGGGGGCATTCGTATTCCGATGTCAGAGGTGAAATTCTTGGATTATCGGAAGACGAACATCTGCGAAAGCATTTGCCAAGGATGTTTTCATCA";"ASV0270";0;51;39;0;0;46;25;0;32;0;0;8;0;19;394;26;0;101;0;22;470;18;0;154;0;0;0;0;10;40;0;0;36;30;0;37;13;45;0;0;0;0;0;0;0;0;0;0;0;15;0;0;0;0;0;18;0;0;14;0;0;15;0;201;1204;153;58;15;47;1678;"Eukaryota";"Archaeplastida";"Chlorophyta";"Chlorophyta_X";"Chloropicophyceae";"Chloropicales";"Chloropicaceae";"Chloropicon";"Chloropicon_laureae"
"ASV0273";"ATTCCAGCTCCAATAGCGTATATTTAAGTTGTTGCAGTTAAAAAGCTCGTAGTTGGATTTCGGGCGAGGTTGGCCGGTCCTCCGTTTCGGTGTGTACTGGCTGGTTTCGTCTTTTTGTCGAGGACGCGCTTCTGGCCTTTATTGGTCGGGACGCGGAGTCGGCGCAGTTACTTTGAAAAAATTAGAGTGTTCAAAGCGGGCATACGCTTGAATATATTAGCATGGAATAACACGATAGGACTTCTGTTCTATTTTGTTGGTCTTCGGAACGGGAGTAATGATTAAGAGGAACAGTTGGGGGCATTCGTATTTCATTGTCAGAGGTGAAATTCTTGGATTTATGAAAGACGAACTTCTGCGAAAGCATTTGCCAAGGATGTTTTCATCA";"ASV0273";0;0;0;0;0;19;0;0;77;0;0;86;0;0;29;0;0;0;0;0;0;0;0;42;0;90;56;0;87;74;0;87;40;24;89;119;70;23;94;102;121;0;0;0;0;0;0;103;0;0;81;0;0;0;0;0;0;0;19;100;0;29;0;182;71;666;410;184;148;1661;"Eukaryota";"Archaeplastida";"Chlorophyta";"Chlorophyta_X";"Mamiellophyceae";"Dolichomastigales";"Crustomastigaceae";"Crustomastigaceae_X";"Crustomastigaceae_X_sp."
"ASV0277";"ATTCCAGCTCCAATAGCGTATATTAATGTTGTTGCAGTTAAAAAGCTCGTAGTTGGATTCCTGGCACGGGGTAGCCGGTCCGCCTTGCAAAAGGTGCGCACTGAGCGGCCTCGGCCATCCTTGCGATGGTCTATCCTGGCATTCAGTTGTCGGGGTGGGGATTCGCGACGTTTACTGTGAAAAAATCAGAGTGTTCAACGCAGGCTTACGCCTTGAATACATTAGCATGGAATAATGAGATAGGACCTTGGCGGTCTATTTTGTTGGTTTGCACGCCGAGGTAATGATTAAAAGGGACGGTTGGGGTTCTTCGTATTCAATTGTCAGAGGTGAAATTCTTGGATTTATGGAAGACGAACTGCTGCGAAAGCGTCGAACAAGGACGTTCTCATTA";"ASV0277";0;3;120;0;0;68;0;0;159;0;0;188;0;0;27;1;0;68;2;11;9;0;10;37;2;14;72;6;13;107;4;19;46;11;20;296;41;6;36;31;37;0;0;0;18;0;6;68;0;0;11;0;0;0;0;23;0;0;15;0;0;40;0;538;165;610;151;103;78;1645;"Eukaryota";"TSAR";"Stramenopiles";"Gyrista";"Pelagophyceae";"Pelagomonadales";"Pelagomonadaceae";"Aureococcus";"Aureococcus_anophagefferens"
"ASV0279";"ATTCCAGCTCCAATAGCGTATATTTAAGTTGTTGCAGTTAAAAAGCTCGTAGTTGGATTTCGGGCCCAGGTGACCGGTCCGCCGTTTCGGTGTGCACTGGTTAGCTCGGTCTTTCTGCCGGGGACACGCTCCGTCTTAATTGCCGGACGTGGAGTCGGCGATGTTACTTTGAAAAAATTAGAGTGTTCAAAGCAGGCTTACGCTCTGAATACTATAGCATGGAATAACACGATAGGACTCCGAGCCTATTTTGTTGGTCTTCGGGACCGGAGTAATGATTAAGAGGGACAGTTGGGGGCATTCGTATTACGGTGTCAGAGGTGAAATTCTTGGATTTCCGTAAGACGAACTTCTGCGAAAGCATTTGCCAAGGATGTTTTCATCA";"ASV0279";0;65;57;0;16;107;0;0;22;0;22;24;0;26;124;0;56;37;0;39;164;0;36;56;0;36;21;0;24;13;0;9;20;0;39;97;144;17;103;53;113;0;0;0;0;0;0;0;0;0;80;0;0;0;0;9;0;0;13;0;0;0;0;313;538;259;430;80;22;1642;"Eukaryota";"Archaeplastida";"Chlorophyta";"Chlorophyta_X";"Chloropicophyceae";"Chloropicales";"Chloropicaceae";"Chloroparvula";"Chloroparvula_pacifica"
"ASV0315";"ATTCCAGCTCCAATAGCGTATATTAAAGTTGTTGCAGTTAAAAAGCTCGTAGTTGAATTTCTGGTGGGAGCGATCGGTCCATCCTTCACTGGTTGGAACCTGATTGTCTCCCGCCATCCATGGAGAGAACTTATCTGGCATTAAGTTGTCGGGTTGGCAATCTTCATCTTTTACTGTGAAAAAATTAGAGTGTTCAAAGCAGGCTTATGCCGTTGAATATATTAGCATGGAATAATAAGATAGGACTATGGTACTATTTTGTTGGTTTGTGCACCATGGTAATGATTAATAGGGACAGTTGGGGGTATTCGTATTCCATTGTCAGAGGTGAAATTCTTGGATTTATGGAAGACGAACTACTGCGAAAGCATTTACCAAGGATGTTTTCATCA";"ASV0315";9;19;0;6;49;13;357;116;0;13;88;30;0;171;0;0;82;0;0;31;0;0;25;0;0;7;0;0;0;0;0;0;0;0;0;0;0;360;0;0;0;9;1;31;0;33;0;0;23;10;0;0;0;0;0;0;0;17;0;0;0;0;0;700;309;7;360;107;17;1500;"Eukaryota";"TSAR";"Stramenopiles";"Gyrista";"Coscinodiscophyceae";"Rhizosoleniales";"Rhizosoleniaceae";"Guinardia";"Guinardia_delicatula"
"ASV0325";"ATTCCAGCTCCAATAGCGTATACTAAAGTTGTTGCAGTTAAAAAGCTCGTAGTCGAATGAAGGTTTCTTGTATAGCGCGGACGTCTAGGTGTAACTTAGATTAGTTTGCGCACAAGAACCTCCCTTGTGTGTCTCAGAGGAGCAAATATTTATTTATTTTGATCCATTTGCGACACACACATTACTGTGAACAAAATAGAGTGTTCATGGCAGGTCAATTTAGGCTTGAATACCTCAGCATGGAATAATAGAATAGGACTTCCGGTTCTATTTTGTTGGTTTTTGGAGCCGAAGTAATGATTAATAGGGATAGTTGGGGGCACTCGTACTCCGTTGTCAGAGGTGAAATTCTAGGATTGACGGAAGACGAACAACTGCGAAAGCATCTGCCAAGGATGTTTTCATCG";"ASV0325";0;0;67;0;29;0;0;0;0;0;0;68;73;19;0;0;0;0;0;66;0;0;0;42;30;0;40;0;0;48;0;30;0;0;0;58;0;0;0;25;0;0;52;0;57;130;172;18;0;0;14;0;0;71;60;74;61;0;59;0;0;0;77;164;200;206;25;443;402;1440;"Eukaryota";"Cryptista";"Cryptophyta";"Cryptophyta_X";"Cryptophyceae";"Cryptomonadales";"Cryptomonadales_X";"Teleaulax";"Teleaulax_amphioxeia"
"ASV0349";"ATTCCAGCTCCAATAGCGTATACTAAAGTTGTTGCAGTTAAAAAGCTCGTAGTCGAATGAAGGTTTCTTGTATAGCGCGGACGTCTAGGTGTAACTTAGATTAGTTTGCGCACAAGAACCTCCCTTGTGTGTCTCAGAGGAGCAAATATTTATTTATTTTGATCCATTTGCGACACACACATTACTGTGAACAAAATAGAGTGTTCATGGCAGGTCAATTTAGGCTTGAATACCTCAGCATGGAATAATAGAATAGGACTTCCGGTTCTATTTTGTTGGTTTTTGGAGCCGAAGTAATGATTAATAGGGATAGTTGGGGGCACTCGTACTCCGTTGTCAGAGGTGAAATTCTAGGATTGACGGAAGACGAACAACTGCGAAAGCATCTGCCAAGGATGTTTTCATTA";"ASV0349";0;0;24;0;0;0;0;0;0;0;0;0;67;0;31;0;27;0;0;22;0;0;0;0;0;0;45;34;0;42;78;33;0;50;0;64;36;0;0;67;0;0;0;58;65;43;159;73;0;0;0;48;0;60;0;45;67;0;21;0;0;0;78;24;147;346;103;398;319;1337;"Eukaryota";"Cryptista";"Cryptophyta";"Cryptophyta_X";"Cryptophyceae";"Cryptomonadales";"Cryptomonadales_X";"Teleaulax";"Teleaulax_amphioxeia"
"ASV0382";"ATTCCAGCTCTAATAGCGTATATTAATGTTGTTGCAGTTAAAAAGCTCGTAGTTGGATTTTGGTGTTTGACAAATGGTCTGCCTTCGGGTCTGCACTGTTTGTTGGCACTTCTTTTCTGGGGAACTCACTGCTCTTAATTGAGGGGTGCTGTAACGCAGATCGTTTACTTTGAAAAAATTAGAGTGTTCAAAGCAGGCCAACGCATTGAATACATTAGCATGGAATAATGGAATAGGACTTTGGTCTTATTTTGTTGGTTTCTAAGGCCGAGGTAATGATTAATAGGGATAGTTGGGGGCGTTTATATTCCGTTGTCAGAGGTGAAATTCTTGGATTTACGGAAGATAAACTACTGCGAAAGCATTCGCCAAGGATGTTTTCATCG";"ASV0382";0;154;0;0;0;11;0;0;0;0;0;0;0;0;0;0;77;0;0;187;0;0;146;0;0;100;0;0;60;0;0;57;0;0;68;0;51;0;84;36;102;0;0;7;0;0;0;42;0;0;0;0;0;0;0;0;0;13;0;0;5;0;0;165;410;285;273;49;18;1200;"Eukaryota";"Cryptista";"Kathablepharidacea";"Kathablepharida";"Kathablepharidea";"Kathablepharidida";"Kathablepharidida_X";"Kathablepharidida_XX";"Kathablepharidida_XX_sp."
"ASV0395";"ATTCCAGCTCTAATAGCGTATATTAATGTTGTTGCAGTTAAAAAGCTCGTAGTTGGATTTTGGTGTTTGACAAATGGTCTGCCTTCGGGTCTGCACTGTTTGTTGGCACTTCTTTTCTGGGGAACTCACTGCTCTTAATTGAGGGGTGCTGTAACGCAGATCGTTTACTTTGAAAAAATTAGAGTGTTCAAAGCAGGCCAACGCATTGAATACATTAGCATGGAATAATGGAATAGGACTTTGGTCTTATTTTGTTGGTTTCTAAGGCCGAGGTAATGATTAATAGGGATAGTTGGGGGCGTTTATATTCCGTTGTCAGAGGTGAAATTCTTGGATTTACGGAAGATAAACTACTGCGAAAGCATTCGCCAAGGATGTTTTCATTA";"ASV0395";0;140;0;0;0;0;0;0;0;0;0;0;0;48;0;0;94;0;0;153;0;0;130;0;0;85;22;0;59;0;0;55;0;0;23;15;42;0;87;40;79;0;0;25;0;0;0;34;0;0;0;0;0;0;0;0;0;11;9;0;8;0;0;140;425;259;248;59;28;1159;"Eukaryota";"Cryptista";"Kathablepharidacea";"Kathablepharida";"Kathablepharidea";"Kathablepharidida";"Kathablepharidida_X";"Kathablepharidida_XX";"Kathablepharidida_XX_sp."
"ASV0403";"ATTCCAGCTCCAATAGCGTATATTAATGTTGTTGCAGTTAAAAAGCTCGTAGTTGGATTCCTGGCACGGGGTAGCCGGTCCGCCTTGCAAAAGGTGCGCACTGAGCGGCCTCGGCCATCCTTGCGATGGTCTATCCTGGCATTCAGTTGTCGGGGTGGGGATTCGCGACGTTTACTGTGAAAAAATCAGAGTGTTCAACGCAGGCTTACGCCTTGAATACATTAGCATGGAATAATGAGATAGGACCTTGGCGGTCTATTTTGTTGGTTTGCACGCCGAGGTAATGATTAAAAGGGACGGTTGGGGTTCTTCGTATTCAATTGTCAGAGGTGAAATTCTTGGATTTATGGAAGACGAACTGCTGCGAAAGCGTCGAACAAGGACGTTCTCATTG";"ASV0403";0;3;71;0;0;35;0;0;86;0;0;153;0;0;12;2;1;56;0;6;12;0;8;33;0;17;57;0;0;67;7;0;53;5;22;157;28;7;25;29;38;0;0;7;0;0;6;42;1;0;8;0;0;0;0;26;0;0;7;0;0;33;0;348;130;385;127;64;66;1120;"Eukaryota";"TSAR";"Stramenopiles";"Gyrista";"Pelagophyceae";"Pelagomonadales";"Pelagomonadaceae";"Aureococcus";"Aureococcus_anophagefferens"
"ASV0425";"ATTCCAGCTCCAATAGCGTATATTAAAGTTGTTGCAGTTAAAAAGCTCGTAGTTGGATTTCTGGTGGGAGCGTTGGGTCGGCCCTAAGGGCTCGTACTCAAATGTTTTCCGCCATCCTTGGAGGGATGTTGTCTGGCATTAAGTTGTCGGGCTTCCGATCTCCATCGTTTACTGTGAAAAAATTAGAGTGTTCAAAGCAGGCTTACGCCGTTGAATACATTAGCATGGAATAATAAGATAGGACCCTGGTACTATTTTGTTGGTTTGCGTACCTAGGTAATGATTAATAGGGACAGTTGGGGGTATTCGTATTCCGTTGTCAGAGGTGAAATTCTTGGATTTACGGAAGACGAACTACTGCGAAAGCATTTACCAAGGATGTTTTCATCA";"ASV0425";0;27;0;0;0;0;0;0;16;0;0;0;0;0;24;0;0;52;0;0;21;0;102;50;42;0;0;0;33;51;0;0;0;59;0;56;0;40;0;0;0;0;0;0;0;45;0;58;86;0;81;0;0;0;0;0;70;0;0;97;0;0;25;43;249;241;40;270;192;1035;"Eukaryota";"TSAR";"Stramenopiles";"Gyrista";"Bolidophyceae";"Parmales";"Parmales_env_3";"Parmales_env_3B";"Parmales_env_3B_sp."
"ASV0442";"ATTCCAGCTCCAATAGCGTATACTAAAGTTGTTGCAGTTAAAAAGCTCGTAGTCGAATTCAGACCCGTGTGCGCGGATCGGCTTATCATGGCCCTTGGCGCGCCAGGTCTACTTTTGTCGTTGCGAAGTCTGCTCTTTTGTGGAGGAGACTCGTGAAGCGACATTTTTTACTGTGAACAAAATAGAGTGTTCATGGCAGGCCTTTAGCAAGGCTTAAATACCTCAGCATGGAATAATAGAATAGGACTTCCGGTTCTATTTTGTTGGTTTTTAGAGCCGAAGTAATGATTAATAGGGATAGTTGGGGGCACTCGTACTCCGTTGCCAGAGGTGAAATTCTTGGATTTACGGAAGACGAACAACTGCGAAAGCATCTGCCAAGGATGTTTTCATCA";"ASV0442";0;0;0;0;103;0;0;0;0;0;130;0;0;0;0;0;0;0;0;23;0;0;0;0;0;0;0;0;0;0;0;73;0;0;63;0;40;0;53;0;0;0;45;0;160;0;140;0;0;79;0;0;0;0;0;63;0;0;33;0;0;0;0;233;23;136;93;424;96;1005;"Eukaryota:nucl";"Cryptista:nucl";"Cryptophyta:nucl";"Cryptophyta_X:nucl";"Cryptophyceae:nucl";"Pyrenomonadales:nucl";"Pyrenomonadaceae:nucl";"Rhodomonas:nucl";"Rhodomonas_sp.:nucl"
"ASV0452";"ATTCCAGCTCCAATAGCGTATACTAAAGTTGTTGCAGTTAAAAAGCTCGTAGTTGAATTTCTGGATGCGAAAGATGGTCGGCACCTCACGGTGTCTGTACTTTTCATTCGCGTCCATCCTCGGGAGGAACGTGTGGGGCTTTAAGTAGTTCTGCTCGGGAATCTCGTCATTTACTGTGAGCAAAATAGAGTGTTCAAAGCAGGCTTATGCCGTTGAATATATTAGCATGGAATAATAAGATACGACTTTGGTCTATTTTGTTGGTTTGCATTCCAAAGTAATGATTAATAGGGATAGTTGGGGGTATTCGTATTCAATTGTCAGAGGTGAAATTCTTGGATTTATGGAAGACGAACTACTGCGAAAGCATTTACCAAGGATGTTTTCATCA";"ASV0452";0;41;28;0;45;0;0;26;0;0;67;29;0;47;48;0;110;73;0;134;35;0;126;41;0;11;0;0;0;0;0;0;0;0;0;0;0;67;0;0;0;0;0;0;0;0;12;0;0;0;0;0;0;0;0;0;0;0;0;0;0;22;0;236;614;11;67;12;22;962;"Eukaryota";"TSAR";"Stramenopiles";"Gyrista";"Chrysophyceae";"Chrysophyceae_Clade-EC2H";"Chrysophyceae_Clade-EC2H_X";"Chrysophyceae_Clade-EC2H_XX";"Chrysophyceae_Clade-EC2H_XX_sp."
"ASV0456";"ATTCCAGCTCCAATAGCGTATATTTAAGTTGTTGCAGTTAAAAAGCTCGTAGTTGGATTTCGGATGGGATCTGCCGGTCCGCCTTTGAGGTGTGTACTGGTAGGTCCTATCTTGTTGTCGGGGACTAGCTCCTGGGCTTCACTGTCCGGGACTAGGAGCCGACGAAGTTACTTTGAGTAAATTAGAGTGTTCAAAGCAAGCCTACGCTCTGAATATATTAGCATGGAATAACACGATAGGACTCTGGCTTATCTTGTTGGTCTGTGAGACCAGAGTAATGATTAAGAGGGACAGTCGGGGACATTCGTATTTCATTGTCAGAGGTGAAATTCTTGGATTTATGAAAGACGAACTTCTGCGAAAGCATTTGTCAAGGATGTTTTCATCG";"ASV0456";0;0;0;0;0;62;0;0;0;0;0;0;0;0;0;0;0;0;0;0;16;0;0;6;435;0;0;0;0;0;0;0;0;0;0;0;0;68;0;0;0;0;0;0;0;0;0;0;0;56;0;0;93;0;0;144;0;0;76;0;0;0;0;62;22;435;68;56;313;956;"Eukaryota";"Archaeplastida";"Chlorophyta";"Chlorophyta_X";"Chlorodendrophyceae";"Chlorodendrales";"Chlorodendraceae";"Chlorodendrales_XX";"Chlorodendrales_X_sp."
"ASV0462";"ATTCCAGCTCCAATAGCGTATATTAAAGTTGTTGCAGTTAAAAAGCTCGTAGTTGGATTTGTGGTGTACTTCGGCGGCCCGTCACTATGTGATGGAGCTTGCTGAAGTCGCCATCCTTGGGTGGATCCTGTGTGGCATTAAGTTGTCGTGCAGGGGATGCCCATCGTTTACTGTGAAAAAATTAGAGTGTTCAAAGCAGGCTTATGCCGTTGAATATATTAGCATGGAATAATAAGATAGGACCTTGGTACTATTTTGTTGGTTTGCGCACCAAGGTAATGATTAATAGGGACAGTTGGGGGTATTCGTATTTCATTGTCAGAGGTGAAATTCTTGGATTTTTGAAAGACGAACTACTGCGAAAGCATTTACCAAGGATGTTTTCATCA";"ASV0462";0;60;0;0;0;0;0;106;0;0;81;0;0;0;0;0;35;0;0;30;0;0;35;0;0;66;0;0;0;0;0;0;0;0;0;0;48;0;57;65;0;0;0;0;218;0;100;0;0;0;0;0;0;0;0;39;0;0;0;0;0;0;0;247;100;66;170;318;39;940;"Eukaryota";"TSAR";"Stramenopiles";"Gyrista";"Bacillariophyceae";"Bacillariales";"Bacillariaceae";"Cylindrotheca";"Cylindrotheca_closterium"
"ASV0501";"ATTCCAGCTCCAATAGCGTATACTAAAGTTGTTGCAGTTAAAAAGCTCGTAGTTGAATTTCTGGTCGTGGCGACCGGTCCGCCCCTCACGGGGTGTGCACCTGGTCTCTGCGTCCATCCTCGGGGAGAGCGCGTCTGGCATTCAGTTGTCGGGCGCGGGATCCTCGTCATTTACTGTGAGCAAAATAGAGTGTTCAAAGCAGGCTTAGGCCGTTGAATACATTAGCATGGAATAATAAGATAGGACCTTGGTCTATTTTGTTGGTTTGCATTCCAAGGTAATGATTAATAGGGATAGTTGGGGGTATTCGTATTCAATTGTCAGAGGTGAAATTCTTGGATTTATGGAAGACGAACTACTGCGAAAGCATTTACCAAGGATGTTTTCATCA";"ASV0501";0;0;0;0;0;0;0;20;30;0;21;40;0;0;0;26;0;49;0;0;72;0;0;185;26;0;0;52;0;0;68;0;0;0;0;0;0;39;0;0;0;0;0;38;0;0;0;52;63;0;0;0;0;48;0;0;0;0;0;0;0;15;0;111;332;146;39;153;63;844;"Eukaryota";"TSAR";"Stramenopiles";"Gyrista";"Chrysophyceae";"Paraphysomonadales";"Paraphysomonadaceae";"Paraphysomonas";"Paraphysomonas_sp."
"ASV0510";"ATTCCAGCTCCAATAGCGTATATTTAAGTTGTTGCAGTTAAAAAGCTCGTAGTTGGATTTCGGGCGAGGTTGGCCGGTCCTCCGTTTCGGTGTGTACTGGCTGGTTTCGTCTTTTTGTCGAGGACGCGCTTCTGGCCTTTATTGGTCGGGACGCGGAGTCGGCGCAGTTACTTTGAAAAAATTAGAGTGTTCAAAGCGGGCATACGCTTGAATATATTAGCATGGAATAACACGATAGGACTTCTGTTCTATTTTGTTGGTCTTCGGAACGGGAGTAATGATTAAGAGGAACAGTTGGGGGCATTCGTATTTCATTGTCAGAGGTGAAATTCTTGGATTTATGAAAGACGAACTTCTGCGAAAGCATTTGCCAAGGATGTTTTCATTA";"ASV0510";0;36;0;0;0;0;0;0;0;0;0;0;0;0;0;0;0;0;0;0;11;0;0;0;0;74;31;0;67;0;0;64;48;0;101;76;0;0;58;64;68;0;0;0;0;0;0;57;0;0;56;0;0;0;0;0;0;0;0;0;0;0;19;36;11;461;190;113;19;830;"Eukaryota";"Archaeplastida";"Chlorophyta";"Chlorophyta_X";"Mamiellophyceae";"Dolichomastigales";"Crustomastigaceae";"Crustomastigaceae_X";"Crustomastigaceae_X_sp."
"ASV0561";"ATTCCAGCTCCAATAGCGTATATTTAAGTTGTTGCAGTTAAAAAGCTCGTAGTTGGATTTCGGGCCTAGGTGACCGGTCCGCCGTTTCGGTGTGCACTGGTTAGCTCGGTCTTTCTGCCGGGGACGCGCTCCGTCTTTATTGCCGGACGCGGAGTCGGCGATGTTACTTTGAAAAAATTAGAGTGTTCAAAGCAGGCTTACGCTCTGAATACTATAGCATGGAATAACACGATAGGACTCCGAGCCTATTTTGTTGGTCTTCGGGACCGGAGTAATGATTAAGAGGGACAGTTGGGGGCATTCGTATTACGGTGTCAGAGGTGAAATTCTTGGATTTCCGTAAGACGAACTTCTGCGAAAGCATTTGCCAAGGATGTTTTCATCA";"ASV0561";0;10;32;0;0;49;0;0;19;0;0;14;0;0;86;0;14;33;0;17;112;0;0;43;0;0;7;0;7;15;0;0;11;0;0;80;23;9;30;12;26;0;0;0;0;0;14;0;0;0;0;0;0;67;0;0;0;0;0;0;0;0;0;124;305;120;100;14;67;730;"Eukaryota";"Archaeplastida";"Chlorophyta";"Chlorophyta_X";"Chloropicophyceae";"Chloropicales";"Chloropicaceae";"Chloroparvula";"Chloroparvula_pacifica"
"ASV0569";"ATTCCAGCTCCAATAGCGTATATTTAAGTTGTTGCAGTTAAAAAGCTCGTAGTTGGATTTCGGATGGGATCTGCCGGTCCGCCTTTGAGGTGTGTACTGGTAGGTCCTATCTTGTTGTCGGGGACTAGCTCCTGGGCTTCACTGTCCGGGACTAGGAGCCGACGAAGTTACTTTGAGTAAATTAGAGTGTTCAAAGCAAGCCTACGCTCTGAATATATTAGCATGGAATAACACGATAGGACTCTGGCTTATCTTGTTGGTCTGTGAGACCAGAGTAATGATTAAGAGGGACAGTCGGGGACATTCGTATTTCATTGTCAGAGGTGAAATTCTTGGATTTATGAAAGACGAACTTCTGCGAAAGCATTTGTCAAGGATGTTTTCATTA";"ASV0569";0;0;0;0;0;0;0;0;0;0;0;16;0;0;15;0;0;0;0;0;0;0;0;0;353;0;0;0;0;0;0;0;0;0;0;0;0;35;0;0;0;0;0;7;44;0;0;0;0;0;0;0;89;0;0;116;0;0;39;0;0;0;0;16;15;353;35;51;244;714;"Eukaryota";"Archaeplastida";"Chlorophyta";"Chlorophyta_X";"Chlorodendrophyceae";"Chlorodendrales";"Chlorodendraceae";"Chlorodendrales_XX";"Chlorodendrales_X_sp."
"ASV0631";"ATTCCAGCTCCAATAGCGTATATTTAAGTTGTTGCAGTTAAAAAGCTCGTAGTTGGATTTCGGGCCTAGGTGACCGGTCCGCCGTTTCGGTGTGCACTGGTTAGCTCGGTCTTTCTGCCGGGGACGCGCTCCGTCTTTATTGCCGGACGCGGAGTCGGCGATGTTACTTTGAAAAAATTAGAGTGTTCAAAGCAGGCTTACGCTCTGAATACTATAGCATGGAATAACACGATAGGACTCCGAGCCTATTTTGTTGGTCTTCGGGACCGGAGTAATGATTAAGAGGGACAGTTGGGGGCATTCGTATTACGGTGTCAGAGGTGAAATTCTTGGATTTCCGTAAGACGAACTTCTGCGAAAGCATTTGCCAAGGATGTTTTCATCG";"ASV0631";0;9;37;0;0;60;0;0;18;0;0;16;0;0;93;0;7;42;0;4;82;0;0;36;0;0;17;0;7;7;0;0;14;0;0;61;15;7;15;10;18;0;0;0;0;0;8;0;0;0;0;0;0;42;0;0;0;0;0;0;0;0;0;140;264;106;65;8;42;625;"Eukaryota";"Archaeplastida";"Chlorophyta";"Chlorophyta_X";"Chloropicophyceae";"Chloropicales";"Chloropicaceae";"Chloroparvula";"Chloroparvula_pacifica"
"ASV0652";"ATTCCAGCTCCAATAGCGTATACTAAAGTTGTTGCAGTTAAAAAGCTCGTAGTCGAATATAGGTTGTTTGGATGCGCGAACACTCTTGTTTAACTTGAGATGCTTGCGCCCATTAGCCGCCCTTGTGGGGCTCGATGTTCTTGATTATCAAGAACACTCAATCGATCCCACACATTACTGTGAACAAAATAGAGTGTTCATGGCAGGCCATTAGGGCTTGAATACCGCAGCATGGAATAATAGAATAGGACTTCCGGTTCTATTTTATTGGTTTTTGGAGCCGAAGTAATGATTAATAGGGATAGTTGGGGGCACTCGTACTCCGTTGTCAGAGGTGAAATTCTTGGATTGACGGAAGACGAACAACTGCGAAAGCATCTGCCAAGGATGTTTTCATCG";"ASV0652";0;0;0;0;0;0;0;0;0;0;0;38;17;0;33;59;0;0;0;0;0;0;0;0;0;0;0;26;0;27;42;66;59;0;44;28;0;0;27;0;0;0;0;0;0;0;0;0;0;0;114;0;0;0;0;0;0;10;0;0;0;15;0;38;109;292;27;114;25;605;"Eukaryota:nucl";"Cryptista:nucl";"Cryptophyta:nucl";"Cryptophyta_X:nucl";"Cryptophyceae:nucl";"Cryptomonadales:nucl";"Cryptomonadales_X:nucl";NA;NA
"ASV0676";"ATTCCAGCTCCAATAGCGTATATTAAAGTTGTTGCAGTTAAAAAGCTCGTAGTTGGATTTCTGGTGGGAGCGTTGGGCCGGCCCTAAGGGTCTGAGCTCAAATGTTTTCCGCCATCCTTGGAGGGATGTTGTCTGGCATTAAGTTGTCGGGCTTCCGATCTCCATCGTTTACTGTGAAAAAATTAGAGTGTTCAAAGCAGGCTTATGCCGTTGAATACATTAGCATGGAATAATAAGATAGGACCTTGGTACTATTTTGTTGGTTTGCGTACCTAGGTAATGATTAATAGGGACAGTTGGGGATATTACTATTTCGTTGTCAGAGGTGAAATTCTTGGATTTACGAAAGAGTAACTACTGCGAAAGCATTTATCAAGGATGTTTTCATCA";"ASV0676";0;0;0;0;0;10;0;0;0;0;0;90;43;0;9;0;20;29;0;56;0;8;19;0;0;0;35;0;0;0;0;0;0;13;0;25;0;66;0;0;0;0;0;0;0;64;0;0;78;0;0;0;0;0;0;0;0;0;0;0;0;7;0;100;184;73;66;142;7;572;"Eukaryota";"TSAR";"Stramenopiles";"Gyrista";"Bolidophyceae";"Parmales";"Parmales_env_3";"Parmales_env_3A";"Parmales_env_3A_sp."
"ASV0688";"ATTCCAGCTCCAATAGCGTATATTAAAGTTGTTGCAGTTAAAAAGCTCGTAGTTGGATTTCTGGTGGGGCTGTCGGCCTGGCTCCGAAAGGGGTCGTGGTTAGTACACGCCTGGCCATCCTCGGGGGAAGCTTTGCTGGCATTAAGTTGTCGGCGGAGTGACGCTCGTCGTTTACTGTGAACAAATTAGAGTGTTCAAAGCAGGCTTAGGCCGTTGAATACATTAGCATGGAATAATGAGATAGGACTTTGGTGGTCTATTTTGTTGGTTTGCACGCCGAAGTAATGATTAATAGGGGCGGTTGGGGGTATTCGTATTCAATTGTCAGAGGTGAAATTCTTGGATTTATGGAAGACGAACTACTGCGAAAGCATTTACCAAGGATGTTTTCATCA";"ASV0688";43;0;40;0;0;15;0;37;49;0;0;0;0;0;0;0;0;0;0;0;0;0;0;45;0;0;0;13;68;30;0;57;0;0;0;0;0;5;0;16;29;0;0;0;0;0;0;71;17;0;0;0;0;0;0;0;0;0;0;0;0;0;26;184;45;168;50;88;26;561;"Eukaryota";"TSAR";"Stramenopiles";"Gyrista";"Dictyochophyceae";"Dictyochophyceae_X";"Florenciellales";"Florenciella";"Florenciella_parvula"
"ASV0711";"ATTCCAGCTCCAATAGCGTATATTTAAGTTGTTGCAGTTAAAAAGCTCGTAGTTGGATTTCGGGCCTAGGTGACCGGTCCGCCGTTTCGGTGTGCACTGGTTAGCTCGGTCTTTCTGCCGGGGACGCGCTCCGTCTTTATTGCCGGACGCGGAGTCGGCGATGTTACTTTGAAAAAATTAGAGTGTTCAAAGCAGGCTTACGCTCTGAATACTATAGCATGGAATAACACGATAGGACTCCGAGCCTATTTTGTTGGTCTTCGGGACCGGAGTAATGATTAAGAGGGACAGTTGGGGGCATTCGTATTACGGTGTCAGAGGTGAAATTCTTGGATTTCCGTAAGACGAACTTCTGCGAAAGCATTTGCCAAGGATGTTTTCATTA";"ASV0711";0;13;18;0;0;51;0;0;12;0;0;10;0;0;74;0;5;18;0;9;76;0;0;33;0;0;9;0;5;11;0;0;15;0;0;60;22;2;23;9;13;0;0;0;0;0;6;0;0;0;0;0;0;41;0;0;0;0;0;0;0;0;0;104;215;100;69;6;41;535;"Eukaryota";"Archaeplastida";"Chlorophyta";"Chlorophyta_X";"Chloropicophyceae";"Chloropicales";"Chloropicaceae";"Chloroparvula";"Chloroparvula_pacifica"
"ASV0720";"ATTCCAGCTCCAATAGCGTATACTAAAGTTGTTGCAGTTAAAAAGCTCGTAGTCGAATGTAGGTTTTGTTACTACGCGATCTCTTGGGTGTAACTTGAGTGGACTGCGTGTAACAACCTTCCCGGATATAACAGAGGTAGTCTGGGTAATCTCAGGTTATGTCTTGTTATATGCATTACTGTGAACAAAATAGAGTGTTCATGGCAGGCCAATTTAGGCTTGGATACCTCAGCATGGAATAATAGAATAGGACTTCTGGTTCTATTTTGTTGGTTTTTGGAGCCGAAGTAATGATTAATAGGGATAGTTGGGGGCACTCGTACTCCGTTGTCAGAGGTGAAATTCTTGGATTGACGGAAGACGAACAACTGCGAAAGCATCTGCCAAGGATGTTTTCATCA";"ASV0720";0;17;34;0;25;0;0;0;0;0;0;0;3;0;33;0;0;32;0;0;0;0;0;0;0;0;0;0;39;67;0;19;0;30;0;43;27;0;0;0;21;0;0;0;0;0;0;88;0;0;0;0;0;0;0;0;0;0;0;0;0;19;34;76;68;198;48;88;53;531;"Eukaryota:nucl";"Cryptista:nucl";"Cryptophyta:nucl";"Cryptophyta_X:nucl";"Cryptophyceae:nucl";"Cryptomonadales:nucl";"Cryptomonadales_X:nucl";NA;NA
"ASV0775";"ATTCCAGCTCCAATAGCGTATATTAATGTTGTTGCAGTTAAAAAGCTCGTAGTTGGATTCCTGGCCTGGGGTAGCCGGTCCGCCTTGCAAAAGGTGCGCACTGAGCGGCCTCGGCCATCCTTGGGAAGAGCAGTCCTGGCATTCAGTTGTCGGGGTTGGGATTCCCGACGTTTACTGTGAAAAAATCAGAGTGTTCAACGCAGGCTTACGCCTTGAATACATTAGCATGGAATAATGAGATAGGACCTTGGCGGTCTATTTTGTTGGTTTGCACGCCGAGGTAATGATTAAAAGGGACGGTTGGGGTTCTTCGTATTCAATTGTCAGAGGTGAAATTCTTGGATTTATGGAAGACGAACTGCTGCGAAAGCGTCGAACAAGGACGTTCTCATCA";"ASV0775";0;33;8;0;68;10;0;20;2;0;0;0;0;36;1;7;38;1;0;28;0;0;12;1;4;0;0;2;0;5;10;0;4;4;0;8;17;0;0;0;0;0;0;0;0;0;0;15;0;0;0;0;46;0;0;40;0;0;30;0;0;34;0;141;124;37;17;15;150;484;"Eukaryota";"TSAR";"Stramenopiles";"Gyrista";"Pelagophyceae";"Pelagomonadales";"Pelagomonadaceae";"Pelagomonadaceae_clade_C";"Pelagomonadaceae_clade_C_sp."
"ASV0799";"ATTCCAGCTCCAATAGCGTATATTAAAGTTGTTGCAGTTAAAAAGCTCGTAGTTGGATTTCTGGCAGGAGCGACCGGTCACACACTCTGTGTGTGAACTTGTGTTGTCTCTGGCCATCCTTGGGGAGATCCTGTTTGGCATTAAGTTGTCGGGCAGGGGACATCCATCGTTTACTGTGAAAAAATTAGAGTGTTTAAAGCAGGCTTATGCCGTTGAATATATTAGCATGGAATAATAAGATAGGACTTCGGAACTATTTTGTTGGTTTGCGTTACGAAGTAATGATTAATAGGGACAGTTGGGGGTATTCGTATTTCGTTGTCAGAGGTGAAATTCTTGGATTTCCGAAAGACGAACTACTGCGAAAGCATTTACCAAGGATGTTTTCATCA";"ASV0799";0;0;0;0;40;0;0;10;10;0;0;0;16;32;0;0;41;0;0;0;0;0;0;0;24;0;0;0;0;0;0;0;0;0;0;0;0;11;0;0;0;0;0;0;0;0;35;10;0;36;0;0;157;0;0;39;0;0;0;0;0;0;0;60;89;24;11;81;196;461;"Eukaryota";"TSAR";"Stramenopiles";"Gyrista";"Mediophyceae";"Thalassiosirales";"Thalassiosiraceae";"Thalassiosira";NA
"ASV0834";"ATTCCAGCTCCAATAGCGTATACTAAAGTTGTTGCAGTTAAAAAGCTCGTAGTTGAATTTCTGGTCGTGAAACGTGGTCCGTTCCGCAAGGAATGTGTACTGTCGATTTATGTCCATCCTCGGTGTTAGTATGCATTACTTTAATCGGTCGTGTATACAACCACCGTCATTTACTGTGAGCAAAATAGAGTGTTCAAAGCAGGCTTATGCCGTTGAATATATTAGCATGGAATAATAAGATATGACTTTGGTCTATTTTGTTGGTTTGCACTCCAAAGTAATGATTAATAGGGATAGTTGGGGGTATTCGTATTCAATTGTCAGAGGTGAAATTCTTGGATTTATGGAAGACGAACTACTGCGAAAGCATTTACCAAGGATGTTTTCATCG";"ASV0834";0;0;0;0;17;0;0;0;4;0;0;7;0;0;11;0;0;12;0;0;19;0;0;4;0;0;0;0;0;0;0;0;0;0;0;2;0;52;0;0;0;0;0;53;0;101;0;0;102;0;0;0;0;0;0;0;0;0;0;48;0;0;0;28;46;2;52;256;48;432;"Eukaryota";"TSAR";"Stramenopiles";"Gyrista";"Chrysophyceae";"Chrysophyceae_Clade-EC2H";"Chrysophyceae_Clade-EC2H_X";"Chrysophyceae_Clade-EC2H_XX";"Chrysophyceae_Clade-EC2H_XX_sp."
"ASV0838";"ATTCCAGCTCCAATAGCGTATACTAAAGTTGTTGCAGTTAAAAAGCTCGTAGTCGAATATAGGTTGTTTGGATGCGCGAACACTCTTGTTTAACTTGAGATGCTTGCGCCCATTAGCCGCCCTTGTGGGGCTCGATGTTCTTGATTATCAAGAACACTCAATCGATCCCACACATTACTGTGAACAAAATAGAGTGTTCATGGCAGGCCATTAGGGCTTGAATACCGCAGCATGGAATAATAGAATAGGACTTCCGGTTCTATTTTATTGGTTTTTGGAGCCGAAGTAATGATTAATAGGGATAGTTGGGGGCACTCGTACTCCGTTGTCAGAGGTGAAATTCTTGGATTGACGGAAGACGAACAACTGCGAAAGCATCTGCCAAGGATGTTTTCATTA";"ASV0838";0;0;0;0;0;0;0;0;33;0;0;37;0;0;0;0;0;0;0;0;30;0;0;0;0;0;0;0;0;70;16;44;0;0;82;0;0;0;26;0;0;0;0;0;0;0;0;0;0;0;29;0;0;0;20;42;0;0;0;0;0;0;0;70;30;212;26;29;62;429;"Eukaryota:nucl";"Cryptista:nucl";"Cryptophyta:nucl";"Cryptophyta_X:nucl";"Cryptophyceae:nucl";NA;NA;NA;NA
"ASV0867";"ATTCCAGCTCCAATAGCGTATATTTAAGTTGTTGCAGTTAAAAAGCTCGTAGTTGGATTTCGGTTGAGAGCGGCCGGTCCGCCGTTTGGTGTGCACTGGCTGGTTTCAGCTTCCTGCAGAGGACGCGCTCTGGGCTTAATCGTCTGGACGTGGAGTCTGCGTGGTTACTTTGAAAAAATTAGAGTGTTCAAAGCGGGCTTACGCTTGAATATTTCAGCATGGAATAACACTATAGGACTCCTGTCCTATTTCGTTGGTCTCGGGACGGGAGTAATGATTAAGAGGAACAGTTGGGGGCATTCGTATTTCATTGTCAGAGGTGAAATTCTTGGATTTATGAAAGACGAACTTCTGCGAAAGCATTTGCCAAGGATGTTTTCATCA";"ASV0867";0;14;1;0;5;0;0;0;0;0;0;0;7;5;4;11;7;8;9;7;3;0;8;12;10;21;3;6;13;6;4;6;0;7;15;2;21;0;28;18;23;0;0;8;0;0;0;3;4;0;10;8;0;3;6;12;9;18;8;10;9;2;12;20;81;93;90;25;97;406;"Eukaryota";"Archaeplastida";"Chlorophyta";"Chlorophyta_X";"Mamiellophyceae";"Mamiellales";"Mamiellaceae";"Micromonas";"Micromonas_pusilla"
"ASV0882";"ATTCCAGCTCCAATAGCGTATATTAATGTTGTTGCAGTTAAAAAGCTCGTAGTTGGATTTCTGATGGGATCGACCCGGTCGGCTCCGAAAGGGGTCGCACTGGTGGTCTGTCCGGTCATCCTCGAGGGGAGGCTTTCTGGCATTCATTTGTTGGGGAGTCGACGCTCGTCGTTTACTGTGAACAAATTAGAGTGTTCAAAGCAGGCTTAGGCCGTTGAATACATTAGCATGGAATAATAAGATAGGACTTTGGTGGTTTATTTTGTTGGTTTGCACGCCGAAGTAATGATTAATAGGAGCAGTTGGGGATGTCCGTATTCGATTGTCAGAGGTGAAATTCTTGGATTTATTGAAGACGAACTACTGCGAAAGCATTCATCAAGGATGTTTTCATCG";"ASV0882";0;0;34;0;0;0;0;0;125;0;0;48;27;0;0;0;0;20;0;0;0;0;0;0;0;0;0;0;0;15;0;0;0;0;0;44;0;0;0;6;0;20;0;0;0;0;0;50;0;0;0;0;6;0;0;0;0;0;0;0;0;0;0;207;47;59;6;70;6;395;"Eukaryota";"TSAR";"Stramenopiles";"Gyrista";"Dictyochophyceae";"Dictyochophyceae_X";"Dictyochales";"Dictyocha";"Dictyocha_speculum"
"ASV0932";"ATTCCAGCTCCAATAGCGTATATTAATGTTGTTGCAGTTAAAAAGCTCGTAGTTGGATTTCTGGTTGGACCGCGATGCCGGACTCGCAAGGGTTCGTGATTGTTGTGGTTTCCTTCCATCCTCAGGTTTGCGCGTGCTGGCCTTAACTGGTCGGTGGGTGTGGTCCTGTCGTTTACTGTGAACAAATTAGAGTGTTCAAAGCAAGGTGTACTTGAATACATTAGCATGGAATAATAAGATAGGACTTTGGTGGTTCTTTTTGATATTTTGTTGGTTTGCACGCCAAAGTAATGATTAATAGGAGCAGTTGGGGGTATTCGTATTCAATTGTCAGAGGTGAAATTCTTGGATTTATAGAAGACGAACTACTGCGAAAGCATTTACCAAGGATGTTTTCATCG";"ASV0932";0;11;0;0;13;0;0;13;27;0;12;0;0;16;33;0;8;0;0;18;0;0;34;0;0;38;0;0;0;0;0;0;0;0;0;0;0;0;0;53;0;0;0;0;0;0;0;10;0;0;0;0;0;0;0;0;0;0;0;33;5;42;0;76;109;38;53;10;80;366;"Eukaryota";"TSAR";"Stramenopiles";"Gyrista";"Dictyochophyceae";"Dictyochophyceae_X";"Pedinellales";"Pedinellales_X";"Pedinellales_X_sp."
"ASV1079";"ATTCCAGCTCCAATAGCGTATATTTAAGTTGTTGCAGTTAAAAAGCTCGTAGTTGGATTTCGGTTGAGAGCGGCCGGTCCGCCGTTTGGTGTGCACTGGCTGGTTTCAGCTTCCTGCAGAGGACGCGCTCTGGGCTTAATCGTCTGGACGTGGAGTCTGCGTGGTTACTTTGAAAAAATTAGAGTGTTCAAAGCGGGCTTACGCTTGAATATTTCAGCATGGAATAACACTATAGGACTCCTGTCCTATTTCGTTGGTCTCGGGACGGGAGTAATGATTAAGAGGAACAGTTGGGGGCATTCGTATTTCATTGTCAGAGGTGAAATTCTTGGATTTATGAAAGACGAACTTCTGCGAAAGCATTTGCCAAGGATGTTTTCATCG";"ASV1079";0;5;0;0;2;0;0;0;0;0;0;0;9;0;7;11;2;3;4;3;4;0;6;5;9;16;3;4;9;2;4;6;0;6;8;5;15;0;20;23;18;0;0;12;0;0;0;7;2;0;11;7;0;1;0;8;7;8;1;3;8;4;6;7;54;72;76;32;53;294;"Eukaryota";"Archaeplastida";"Chlorophyta";"Chlorophyta_X";"Mamiellophyceae";"Mamiellales";"Mamiellaceae";"Micromonas";"Micromonas_pusilla"
"ASV1112";"ATTCCAGCTCCAATAGCGTATATTAAAGTTGTTGCAGTTAAAAAGCTCGTAGTTGGATTTCTGGCAGGAGCGACCGGTCACACACTCTGTGTGTGAACTTGTGTTGTCTCTGGCCATCCTTGGGGAGATCCTGTTTGGCATTAAGTTGTCGGGCAGGGGACATCCATCGTTTACTGTGAAAAAATTAGAGTGTTTAAAGCAGGCTTATGCCGTTGAATATATTAGCATGGAATAATAAGATAGGACTTCGGAACTATTTTGTTGGTTTGCGTTACGAAGTAATGATTAATAGGGACAGTTGGGGGTATTCGTATTTCGTTGTCAGAGGTGAAATTCTTGGATTTCCGAAAGACGAACTACTGCGAAAGCATTTACCAAGGATGTTTTCATCG";"ASV1112";0;0;0;0;30;0;0;10;11;0;0;0;21;18;0;0;24;0;0;0;0;0;0;0;0;0;0;0;0;0;0;0;0;0;26;0;0;5;0;0;0;0;0;0;0;0;0;5;0;0;0;0;109;0;0;0;0;0;21;0;0;0;0;51;63;26;5;5;130;280;"Eukaryota";"TSAR";"Stramenopiles";"Gyrista";"Mediophyceae";"Thalassiosirales";"Thalassiosiraceae";"Thalassiosira";NA
"ASV1119";"ATTCCAGCTCCAATAGCGTATATTTAAGTTGTTGCAGTTAAAAAGCTCGTAGTTGGATTTCGGTTGAGAGCGGCCGGTCCGCCGTTTGGTGTGCACTGGCTGGTTTCAGCTTCCTGCAGAGGACGCGCTCTGGGCTTAATCGTCTGGACGTGGAGTCTGCGTGGTTACTTTGAAAAAATTAGAGTGTTCAAAGCGGGCTTACGCTTGAATATTTCAGCATGGAATAACACTATAGGACTCCTGTCCTATTTCGTTGGTCTCGGGACGGGAGTAATGATTAAGAGGAACAGTTGGGGGCATTCGTATTTCATTGTCAGAGGTGAAATTCTTGGATTTATGAAAGACGAACTTCTGCGAAAGCATTTGCCAAGGATGTTTTCATTA";"ASV1119";0;2;3;0;7;0;0;0;0;0;0;0;7;0;3;3;0;5;6;7;4;0;5;12;6;11;1;1;15;3;1;6;0;5;6;8;23;0;15;20;18;0;0;9;0;0;0;7;7;0;6;6;0;7;0;8;4;9;1;2;5;1;2;12;52;63;76;29;45;277;"Eukaryota";"Archaeplastida";"Chlorophyta";"Chlorophyta_X";"Mamiellophyceae";"Mamiellales";"Mamiellaceae";"Micromonas";"Micromonas_pusilla"
"ASV1191";"ATTCCAGCTCCAATAGCGTATATTAATGTTGTTGCAGTTAAAAAGCTCGTAGTTGGATTCCTGGCCTGGGGTAGCCGGTCCGCCTTGCAAAAGGTGCGCACTGAGCGGCCTCGGCCATCCTTGGGAAGAGCAGTCCTGGCATTCAGTTGTCGGGGTTGGGATTCCCGACGTTTACTGTGAAAAAATCAGAGTGTTCAACGCAGGCTTACGCCTTGAATACATTAGCATGGAATAATGAGATAGGACCTTGGCGGTCTATTTTGTTGGTTTGCACGCCGAGGTAATGATTAAAAGGGACGGTTGGGGTTCTTCGTATTCAATTGTCAGAGGTGAAATTCTTGGATTTATGGAAGACGAACTGCTGCGAAAGCGTCGAACAAGGACGTTCTCATCG";"ASV1191";0;32;3;0;54;3;0;0;2;0;11;0;0;0;4;1;0;3;0;16;0;0;12;4;2;0;0;2;0;7;7;0;5;2;0;6;5;0;0;0;0;0;0;0;0;0;0;6;0;6;0;0;0;0;0;43;0;0;0;0;0;14;0;105;40;31;5;12;57;250;"Eukaryota";"TSAR";"Stramenopiles";"Gyrista";"Pelagophyceae";"Pelagomonadales";"Pelagomonadaceae";"Pelagomonadaceae_clade_C";"Pelagomonadaceae_clade_C_sp."
"ASV1207";"ATTCCAGCTCCAATAGCGTATATTAAAGTTGTTGCAGTTAGAACGCTCGTAGTCGGATTTCGGGGCGGTCCGACCGGTCTGCCGATGGGTACGTACTGGTCGGAGCGTCCTTTCTGCCGGAGACCGTGGCTACTCTTAACTGAGCGGTTCCGGGAGACGGCACTTTTACTTTGAAAAAATCAGAGTGTTTCAAGCAGGCAGCTCGCTCTTGCATGGATTAGCATGGGATAATGAAATAGGACTTTGGTGCTATTTTGTTGGTTTCGAACACCGAAGTAATGATGAGAAGGGACAGTCAGGGGCACTCGTATTCCGCCGAGAGAGGTGAAATTCTCAGACCAGCGGAAGACGAACCACTGCGAAAGCATTTGCCAGGGATGTTTTCATCA";"ASV1207";0;0;0;0;0;0;0;0;2;0;0;9;0;0;0;0;0;12;0;0;0;0;0;17;3;31;9;4;16;7;2;24;18;4;40;14;0;0;0;6;0;0;0;0;0;0;0;12;0;0;0;0;0;0;0;0;0;0;0;0;0;15;0;11;29;172;6;12;15;245;"Eukaryota";"Haptista";"Haptophyta";"Haptophyta_X";"Prymnesiophyceae";"Prymnesiales";"Chrysochromulinaceae";"Chrysochromulina";"Chrysochromulina_sp."
"ASV1272";"ATTCCAGCTCCAATAGCGTATATTAAAGTTGTTGCAGTTAAAAAGCTCGTAGTTGGATTTCTGGCAGGAGTGACCGGTCACGCACTCTGTGCGTGAACTTGTGTTGTCTCTGGCCATCCTTGGGGAGATCCTGTTTGGCATTAAGTTGTCGGGCAGGGGATACCCATCGTTTACTGTGAAAAAATTAGAGTGTTTAAAGCAGGCTTATGCCGTTGAATATATTAGCATGGAATAATAAGATAGGACTTCGGAACTATTTTGTTGGTTTGCGTTACGAAGTAATGATTAATAGGGACAGTTGGGGGTATTCGTATTTCGTTGTCAGAGGTGAAATTCTTGGATTTCCGAAAGACGAACTACTGCGAAAGCATTTACCAAGGATGTTTTCATCA";"ASV1272";71;0;0;0;6;0;4;1;11;1;3;15;0;1;0;2;0;0;0;0;0;0;0;0;13;0;0;32;0;0;0;0;0;0;0;0;0;22;0;0;0;1;0;1;0;13;12;0;0;0;0;0;5;0;0;0;2;0;0;0;0;0;10;112;3;45;22;27;17;226;"Eukaryota";"TSAR";"Stramenopiles";"Gyrista";"Mediophyceae";"Thalassiosirales";"Thalassiosiraceae";"Thalassiosira";"Thalassiosira_gravida"
"ASV1284";"ATTCCAGCTCCAATAGCGTATATTTAAGTTGTTGCAGTTAAAAAGCTCGTAGTTGGATTTCGGGTGTGAACGACCGGTCCGTCTTTGATGTGTACTGGTTGGTTGCGCCTTATTGTCGAGGACGTGGTTCTAGCTTTCATTAGCCGGGACACGGAGTCGGCAGCGTTACTTTGAGAAAATTAGAGTGTTCAAAGCAGGCTATCGCTCTGAATACTACAGCATGGAATAACACGATAGGACTCCGAGCCTATTCTGTTGGTCTTCGGGACCGGAGTAATGATTAAGAGGGACAGTTGGGGGCATTCGTATTCCGATGTCAGAGGTGAAATTCTTGGATTATCGGAAGACGAACATCTGCGAAAGCATTTGCCAAGGATGTTTTCATCA";"ASV1284";0;0;0;0;0;8;0;0;0;0;0;0;0;11;14;17;0;0;0;0;14;21;0;0;0;0;0;0;0;0;0;0;0;0;0;7;0;5;11;0;7;0;0;0;0;0;0;18;0;0;26;0;0;0;0;42;0;0;15;0;0;7;0;8;77;7;23;44;64;223;"Eukaryota";"Archaeplastida";"Chlorophyta";"Chlorophyta_X";"Chloropicophyceae";"Chloropicales";"Chloropicaceae";"Chloropicon";"Chloropicon_roscoffensis"
"ASV1335";"ATTCCAGCTCCAATAGCGTATATTAATGTTGTTGCAGTTAAAAAGCTCGTAGTTGGATTCCTGGCCTGGGGTAGCCGGTCCGCCTTGCAAAAGGTGCGCACTGAGCGGCCTCGGCCATCCTTGGGAAGAGCAGTCCTGGCATTCAGTTGTCGGGGTTGGGATTCCCGACGTTTACTGTGAAAAAATCAGAGTGTTCAACGCAGGCTTACGCCTTGAATACATTAGCATGGAATAATGAGATAGGACCTTGGCGGTCTATTTTGTTGGTTTGCACGCCGAGGTAATGATTAAAAGGGACGGTTGGGGTTCTTCGTATTCAATTGTCAGAGGTGAAATTCTTGGATTTATGGAAGACGAACTGCTGCGAAAGCGTCGAACAAGGACGTTCTCATTA";"ASV1335";0;25;0;0;47;5;0;0;1;0;0;0;0;0;1;2;0;0;0;15;0;10;11;2;0;0;0;4;0;5;4;0;1;6;0;2;7;0;0;0;0;0;0;0;0;0;0;4;0;0;0;0;0;0;0;25;0;0;9;0;0;25;0;78;41;22;7;4;59;211;"Eukaryota";"TSAR";"Stramenopiles";"Gyrista";"Pelagophyceae";"Pelagomonadales";"Pelagomonadaceae";"Pelagomonadaceae_clade_C";"Pelagomonadaceae_clade_C_sp."
"ASV1389";"ATTCCAGCTCCAATAGCGTATATTAAAGTTGTTGCAGTTAAAAAGCTCGTAGTTGGATTTCTGGCAGGAGCGACCGGTCACACACTCTGTGTGTGAACTTGTGTTGTCTCTGGCCATCCTTGGGGAGATCCTGTTTGGCATTAAGTTGTCGGGCAGGGGACATCCATCGTTTACTGTGAAAAAATTAGAGTGTTTAAAGCAGGCTTATGCCGTTGAATATATTAGCATGGAATAATAAGATAGGACTTCGGAACTATTTTGTTGGTTTGCGTTACGAAGTAATGATTAATAGGGACAGTTGGGGGTATTCGTATTTCGTTGTCAGAGGTGAAATTCTTGGATTTCCGAAAGACGAACTACTGCGAAAGCATTTACCAAGGATGTTTTCATTG";"ASV1389";0;0;0;0;15;0;0;6;12;0;0;0;11;18;0;0;0;0;0;16;0;0;0;0;0;49;0;0;0;0;0;0;0;0;0;0;0;5;0;0;0;0;0;0;0;0;0;3;0;0;0;0;62;0;0;0;0;0;0;0;0;0;0;33;45;49;5;3;62;197;"Eukaryota";"TSAR";"Stramenopiles";"Gyrista";"Mediophyceae";"Thalassiosirales";"Thalassiosiraceae";"Thalassiosira";NA
"ASV1403";"ATTCCAGCTCCAATAGCGTATATTAAAGTTGTTGCAGTTAGAACGCTCGTAGTCGGATTTCGGGGCAGTCCGACCGGTCTGCCGATGGGTATGCACTGGCCGGAGTGTCCTTTTTGCCGGAGACCGTGCCTACTCTTAACTGAGCGGGGGCGGGAGACGGCACTTTTACTTTGAAAAAATCAGAGTGTTTCAAGCAGGCAGCTCGCTCTTGCATGGATTAGCATGGGATAATGAAATAGGACTTTGGTGCTATTTTGTTGGTTTCGAACACCGAAGTAATGATGAGAAGGGACAGTCAGGGGCACTCGTATTCCGCCGAGAGAGGTGAAATTCTCAGACCAGCGGAAGACGAACCACTGCGAAAGCATTTGCCAGGGATGTTTTCATCA";"ASV1403";0;0;14;0;0;0;0;0;9;0;0;3;1;0;0;2;28;26;0;1;0;0;0;0;0;11;0;3;0;0;3;0;6;3;15;0;0;0;0;9;0;0;0;17;0;10;0;6;18;0;0;0;0;0;0;0;0;0;0;0;0;9;0;26;58;41;9;51;9;194;"Eukaryota";"Haptista";"Haptophyta";"Haptophyta_X";"Prymnesiophyceae";"Prymnesiales";"Chrysochromulinaceae";"Chrysochromulina";"Chrysochromulina_sp."
"ASV1411";"ATTCCAGCTCCAATAGCGTATATTAAAGTTGTTGCAGTTAAAAAGCTCGTAGTTGGATTTCTGGTGGGGCTGTCGGCCTGGCTCCGAAAGGGGTCGTGGCTTGTACACGCCTGGCCATCCTCGGGGGAAGCTCTTCTGCTCTTAATTGAGTGGGGAGTGACGCTCGTCGTTTACTGTGAACAAATTAGAGTGTTCAAAGCAGGCTTAGGCCGTTGAATACATTAGCATGGAATAATGAGATAGGACTTTGGTGGTCTATTTTGTTGGTTTGCACGCCGAAGTAATGATTAATAGGGGCGGTTGGGGGTATTCGTATTCAATTGTCAGAGGTGAAATTCTTGGATTTATGGAAGACGAACTACTGCGAAAGCATTTACCAAGGATGTTTTCATCA";"ASV1411";0;16;0;0;0;4;0;0;3;0;0;0;0;0;0;0;0;2;0;0;0;0;0;6;0;0;0;0;38;10;0;45;0;0;0;0;0;8;17;7;15;0;0;0;0;0;0;11;0;0;0;0;0;0;0;0;0;0;0;0;0;0;9;23;8;93;47;11;9;191;"Eukaryota";"TSAR";"Stramenopiles";"Gyrista";"Dictyochophyceae";"Dictyochophyceae_X";"Florenciellales";"Florenciellales_X";"Florenciellales_X_sp."
"ASV1412";"ATTCCAGCTCCAATAGCGTATATTAAAGTTGTTGCAGTTAAAAAGCTCGTAGTTGGATTTCTGGTGGGAGCGGTCGGTGCGGTCCTCAGGATTGCTACTCGTACCGTCTCTCGCCATCCTTGGGTCGATCCTGTCTGGCATTAAGTTGTCGGGCAGGGGATGCCCATCGTTTACTGTGAAAAAATTAGAGTGTTCAAAGCAGGCTTATGCCGTTGAATATATTAGCATGGAATAATAAGATAGGACTTTGGTACTATTTTGTTGGTTTGCGCACCAAAGTAATGATTAATAGGGACAGTTGGGGGTATTCGTATTCCGTTGTCAGAGGTGAAATTCTTGGATTTACGGAAGACGAACTACTGCGAAAGCATTTACCAAGGATGTTTTCATCA";"ASV1412";0;13;0;0;6;0;0;0;0;0;0;0;0;0;0;0;7;15;0;7;0;0;0;17;9;0;0;0;0;0;0;7;24;0;7;0;5;0;10;0;8;0;0;21;0;6;13;0;3;0;0;0;0;0;0;0;0;13;0;0;0;0;0;19;46;47;23;43;13;191;"Eukaryota";"TSAR";"Stramenopiles";"Gyrista";"Mediophyceae";"Cymatosirales";"Cymatosiraceae";"Brockmanniella";"Brockmanniella_brockmannii"
"ASV1506";"ATTCCAGCTCCAATAGCGTATATTAATGTTGTTGCAGTTAAAAAGCTCGTAGTTGGATTCCTGGCCTGGGGTAGCCGGTCCGCCTTGCAAAAGGTGCGCACTGAGCGGCCTCGGCCATCCTTGGGAAGAGCAGTCCTGGCATTCAGTTGTCGGGGTTGGGATTCCCGACGTTTACTGTGAAAAAATCAGAGTGTTCAACGCAGGCTTACGCCTTGAATACATTAGCATGGAATAATGAGATAGGACCTTGGCGGTCTATTTTGTTGGTTTGCACGCCGAGGTAATGATTAAAAGGGACGGTTGGGGTTCTTCGTATTCAATTGTCAGAGGTGAAATTCTTGGATTTATGGAAGACGAACTGCTGCGAAAGCGTCGAACAAGGACGTTCTCATTG";"ASV1506";0;14;2;0;41;5;0;0;1;0;0;0;0;0;1;2;5;2;0;12;0;0;9;2;3;0;0;0;0;1;1;0;2;2;0;3;4;0;0;0;0;0;0;0;0;0;0;10;0;0;0;0;0;0;0;24;0;0;8;0;0;18;0;63;33;12;4;10;50;172;"Eukaryota";"TSAR";"Stramenopiles";"Gyrista";"Pelagophyceae";"Pelagomonadales";"Pelagomonadaceae";"Pelagomonadaceae_clade_C";"Pelagomonadaceae_clade_C_sp."
"ASV1593";"ATTCCAGCTCCAATAGCGTATATTTAAGTTGTTGCAGTTAAAAAGCTCGTAGTTGGATTTCGGTTGAGAGCGGCCGGTCCGCCGTTTGGTGTGCACTGGCTGGTTTCAGCTTCCTGCAGAGGACGCGCTCTGGGCTTAATCGTCTGGACGTGGAGTCTGCGTGGTTACTTTGAAAAAATTAGAGTGTTCAAAGCGGGCTTACGCTTGAATATTTCAGCATGGAATAACACTATAGGACTCCTGTCCTATTTCGTTGGTCTCGGGACGGGAGTAATGATTAAGAGGAACAGTTGGGGGCATTCGTATTTCATTGTCAGAGGTGAAATTCTTGGATTTATGAAAGACGAACTTCTGCGAAAGCATTTGCCAAGGATGTTTTCATTG";"ASV1593";0;5;2;0;0;0;0;0;0;0;0;0;7;0;4;2;0;2;1;1;3;0;3;4;2;4;0;1;5;0;5;4;0;6;5;3;8;0;17;8;10;0;0;7;0;0;0;5;0;0;1;3;0;2;6;3;5;5;1;1;0;3;3;7;27;35;43;13;32;157;"Eukaryota";"Archaeplastida";"Chlorophyta";"Chlorophyta_X";"Mamiellophyceae";"Mamiellales";"Mamiellaceae";"Micromonas";"Micromonas_pusilla"
"ASV1742";"ATTCCAGCTCCAATAGCGTATATTAAAGTTGTTGCAGTTAAAAAGCTCGTAGTTGGATTTCTGGTGGGAGCGGTCGGTGCGGTCCTCAGGATTGCTACTCGTACCGTCTCTCGCCATCCTTGGGTCGATCCTGTCTGGCATTAAGTTGTCGGGCAGGGGATGCCCATCGTTTACTGTGAAAAAATTAGAGTGTTCAAAGCAGGCTTATGCCGTTGAATATATTAGCATGGAATAATAAGATAGGACTTTGGTACTATTTTGTTGGTTTGCGCACCAAAGTAATGATTAATAGGGACAGTTGGGGGTATTCGTATTCCGTTGTCAGAGGTGAAATTCTTGGATTTACGGAAGACGAACTACTGCGAAAGCATTTACCAAGGATGTTTTCATTA";"ASV1742";0;0;0;0;0;0;0;0;10;0;0;0;0;0;8;0;0;0;0;0;25;0;0;0;0;0;0;0;0;0;12;0;0;0;5;0;6;19;6;5;7;2;0;0;0;0;0;0;9;0;0;9;0;0;0;3;0;0;0;0;9;0;0;10;33;17;43;11;21;135;"Eukaryota";"TSAR";"Stramenopiles";"Gyrista";"Mediophyceae";"Cymatosirales";"Cymatosiraceae";"Brockmanniella";"Brockmanniella_brockmannii"
"ASV2590";"ATTCCAGCTCCAATAGCGTATATTAAAGTTGTTGCAGTTAAAAAGCTCGTAGTTGGATTTCTGGTGGGAGCGATCGGTCCGGCCTCACGGTCGGCACTTGTATTGTCTCCTACCATCTTTCAGGAAAACCTATCTGGCATTAAGTTGTCGGGTAGGGGATCCTGATCCTTTACTGTGAAAAAATTAGAGTGTTCAAAGCAGGCTTATGCCGTTGAATATATTAGCATGGAATAATAAGATAGGACTATGGTACTATTTTGTTGGTTTGTGCACCATGGTAATGATTAATAGGGACAGTTGGGGGTATTCGTATTCCATTGTCAGAGGTGAAATTCTTGGATTTATGGAAGACGAACTACTGCGAAAGCATTTACCAAGGATGTTTTCATCA";"ASV2590";0;9;0;0;4;0;0;1;0;0;6;0;0;6;0;0;4;0;0;7;0;0;7;0;0;2;0;0;3;0;0;0;0;0;0;0;0;1;0;0;0;0;5;0;9;0;0;0;0;0;0;0;0;0;0;6;0;0;0;0;0;0;0;20;24;5;1;14;6;70;"Eukaryota";"TSAR";"Stramenopiles";"Gyrista";"Coscinodiscophyceae";"Rhizosoleniales";"Rhizosoleniaceae";"Rhizosolenia";"Rhizosolenia_imbricata"
